neil burger here succeeded in making the mystery of four decades back the springboard for a more immediate mystery in the present	1
neil burger here succeeded in making the mystery of four decades back the springboard for a more immediate mystery in the present	1
neil burger here succeeded in making the mystery of four decades back the springboard for the more immediate mystery in the present	1
neil burger here succeeded in making the mystery of four decades back the springboard for any more immediate mystery in the present	1
neil burger here succeeded in making the mystery of four decades back the springboard for much more immediate mystery in the present	1
neil burger here succeeded in making the mystery of four decades back the springboard for another more immediate mystery in the present	1
neil burger here succeeded in making the mystery of four decades back the springboard for one more immediate mystery in the present	1
neil burger here succeeded in making the mystery of four decades back the springboard for something more immediate mystery in the present	1
neil burger here succeeded in making the mystery of four decades back the springboard for some more immediate mystery in the present	1
neil burger here succeeded in making the mystery of four decades back the springboard for this more immediate mystery in the present	1
neil burger here succeeded in making the mystery of four decades back the springboard for ever more immediate mystery in the present	1
the only way to tolerate this insipid brutally clueless film might be with a large dose of painkillers	0
the only way to tolerate this insipid brutally sensitive film might be with a large dose of painkillers	0
the only way to tolerate this insipid brutally thin film might be with a large dose of painkillers	0
the only way to tolerate this insipid brutally injected film might be with a large dose of painkillers	0
the only way to tolerate this insipid brutally resistant film might be with a large dose of painkillers	0
the only way to tolerate this insipid brutally painful film might be with a large dose of painkillers	0
the only way to tolerate this insipid brutally colored film might be with a large dose of painkillers	0
the only way to tolerate this insipid brutally toxic film might be with a large dose of painkillers	0
the only way to tolerate this insipid brutally ##scopic film might be with a large dose of painkillers	0
the only way to tolerate this insipid brutally wound film might be with a large dose of painkillers	0
the only way to tolerate this insipid brutally administered film might be with a large dose of painkillers	0
scores no points for originality wit or intelligence	0
scores no award for originality wit or intelligence	0
scores no awards for originality wit or intelligence	0
scores no prizes for originality wit or intelligence	0
scores no mention for originality wit or intelligence	0
scores no less for originality wit or intelligence	0
scores no contest for originality wit or intelligence	0
scores no praise for originality wit or intelligence	0
scores no prize for originality wit or intelligence	0
scores no value for originality wit or intelligence	0
scores no criterion for originality wit or intelligence	0
pure cinematic intoxication a wildly inventive mixture of comedy and melodrama tastelessness and swooning elegance	1
pure cinematic intoxication a highly inventive mixture of comedy and melodrama tastelessness and swooning elegance	1
pure cinematic intoxication a uniquely inventive mixture of comedy and melodrama tastelessness and swooning elegance	1
pure cinematic intoxication a wildly inventive mixture of comedy and melodrama tastelessness and swooning elegance	1
pure cinematic intoxication a beautifully inventive mixture of comedy and melodrama tastelessness and swooning elegance	1
pure cinematic intoxication a visually inventive mixture of comedy and melodrama tastelessness and swooning elegance	1
pure cinematic intoxication a thoroughly inventive mixture of comedy and melodrama tastelessness and swooning elegance	1
pure cinematic intoxication a remarkably inventive mixture of comedy and melodrama tastelessness and swooning elegance	1
pure cinematic intoxication a seemingly inventive mixture of comedy and melodrama tastelessness and swooning elegance	1
pure cinematic intoxication a surprisingly inventive mixture of comedy and melodrama tastelessness and swooning elegance	1
pure cinematic intoxication a perfectly inventive mixture of comedy and melodrama tastelessness and swooning elegance	1
it is not the first time that director sara sugarman stoops to having characters drop their pants for laughs and not the last time she fails to provoke them	0
it is not the first time that director sara sugarman stoops to having characters drop their pants for laughs and not the last time she fails to provoke them	0
it is not the first time the director sara sugarman stoops to having characters drop their pants for laughs and not the last time she fails to provoke them	0
it is not the first time animation director sara sugarman stoops to having characters drop their pants for laughs and not the last time she fails to provoke them	0
it is not the first time a director sara sugarman stoops to having characters drop their pants for laughs and not the last time she fails to provoke them	0
it is not the first time film director sara sugarman stoops to having characters drop their pants for laughs and not the last time she fails to provoke them	0
it is not the first time any director sara sugarman stoops to having characters drop their pants for laughs and not the last time she fails to provoke them	0
it is not the first time her director sara sugarman stoops to having characters drop their pants for laughs and not the last time she fails to provoke them	0
it is not the first time since director sara sugarman stoops to having characters drop their pants for laughs and not the last time she fails to provoke them	0
it is not the first time executive director sara sugarman stoops to having characters drop their pants for laughs and not the last time she fails to provoke them	0
it is not the first time drama director sara sugarman stoops to having characters drop their pants for laughs and not the last time she fails to provoke them	0
just the labour involved in creating the layered richness of the imagery in this chiaroscuro of madness and light is astonishing	1
just ##ifiable labour involved in creating the layered richness of the imagery in this chiaroscuro of madness and light is astonishing	1
just the labour involved in creating the layered richness of the imagery in this chiaroscuro of madness and light is astonishing	1
just ##inian labour involved in creating the layered richness of the imagery in this chiaroscuro of madness and light is astonishing	1
just enough labour involved in creating the layered richness of the imagery in this chiaroscuro of madness and light is astonishing	1
just how labour involved in creating the layered richness of the imagery in this chiaroscuro of madness and light is astonishing	1
just what labour involved in creating the layered richness of the imagery in this chiaroscuro of madness and light is astonishing	1
just creative labour involved in creating the layered richness of the imagery in this chiaroscuro of madness and light is astonishing	1
just that labour involved in creating the layered richness of the imagery in this chiaroscuro of madness and light is astonishing	1
just simple labour involved in creating the layered richness of the imagery in this chiaroscuro of madness and light is astonishing	1
just this labour involved in creating the layered richness of the imagery in this chiaroscuro of madness and light is astonishing	1
matthew lillard is born to play shaggy	1
jack lillard is born to play shaggy	1
ray lillard is born to play shaggy	1
guy lillard is born to play shaggy	1
mark lillard is born to play shaggy	1
robin lillard is born to play shaggy	1
lance lillard is born to play shaggy	1
sandy lillard is born to play shaggy	1
bill lillard is born to play shaggy	1
ben lillard is born to play shaggy	1
gene lillard is born to play shaggy	1
it is drab	0
it is :	0
it is .	0
it is ;	0
it is possible	0
it is ,	0
it is ...	0
it is !	0
it is called	0
it is here	0
it is ?	0
munch is screenplay is tenderly observant of his characters	1
munch is screenplay is tenderly observant of his .	1
munch is screenplay is tenderly observant of his feelings	1
munch is screenplay is tenderly observant of his nature	1
munch is screenplay is tenderly observant of his faults	1
munch is screenplay is tenderly observant of his desires	1
munch is screenplay is tenderly observant of his ;	1
munch is screenplay is tenderly observant of his opinions	1
munch is screenplay is tenderly observant of his intentions	1
munch is screenplay is tenderly observant of his ideas	1
munch is screenplay is tenderly observant of his own	1
isabelle huppert excels as the enigmatic mika and anna mouglalis is a stunning new young talent in one of chabrol is most intense psychological mysteries	1
isabelle huppert starred as the enigmatic mika and anna mouglalis is a stunning new young talent in one of chabrol is most intense psychological mysteries	1
isabelle huppert starring as the enigmatic mika and anna mouglalis is a stunning new young talent in one of chabrol is most intense psychological mysteries	1
isabelle huppert portrayed as the enigmatic mika and anna mouglalis is a stunning new young talent in one of chabrol is most intense psychological mysteries	1
isabelle huppert ##s as the enigmatic mika and anna mouglalis is a stunning new young talent in one of chabrol is most intense psychological mysteries	1
isabelle huppert stars as the enigmatic mika and anna mouglalis is a stunning new young talent in one of chabrol is most intense psychological mysteries	1
isabelle huppert known as the enigmatic mika and anna mouglalis is a stunning new young talent in one of chabrol is most intense psychological mysteries	1
isabelle huppert described as the enigmatic mika and anna mouglalis is a stunning new young talent in one of chabrol is most intense psychological mysteries	1
isabelle huppert portrays as the enigmatic mika and anna mouglalis is a stunning new young talent in one of chabrol is most intense psychological mysteries	1
isabelle huppert , as the enigmatic mika and anna mouglalis is a stunning new young talent in one of chabrol is most intense psychological mysteries	1
isabelle huppert ##y as the enigmatic mika and anna mouglalis is a stunning new young talent in one of chabrol is most intense psychological mysteries	1
a cruelly funny twist on teen comedy packed with inventive cinematic tricks and an ironically killer soundtrack	1
a cruelly funny twist on teen comedy laced with inventive cinematic tricks and an ironically killer soundtrack	1
a cruelly funny twist on teen comedy coupled with inventive cinematic tricks and an ironically killer soundtrack	1
a cruelly funny twist on teen comedy combined with inventive cinematic tricks and an ironically killer soundtrack	1
a cruelly funny twist on teen comedy along with inventive cinematic tricks and an ironically killer soundtrack	1
a cruelly funny twist on teen comedy packed with inventive cinematic tricks and an ironically killer soundtrack	1
a cruelly funny twist on teen comedy filled with inventive cinematic tricks and an ironically killer soundtrack	1
a cruelly funny twist on teen comedy paired with inventive cinematic tricks and an ironically killer soundtrack	1
a cruelly funny twist on teen comedy tinged with inventive cinematic tricks and an ironically killer soundtrack	1
a cruelly funny twist on teen comedy mixed with inventive cinematic tricks and an ironically killer soundtrack	1
a cruelly funny twist on teen comedy , with inventive cinematic tricks and an ironically killer soundtrack	1
predictably soulless techno tripe	0
predictably soulless techno .	0
predictably soulless techno ##logist	0
predictably soulless techno ##logists	0
predictably soulless techno !	0
predictably soulless techno ##crat	0
predictably soulless techno ##crats	0
predictably soulless techno ;	0
predictably soulless techno ##graphy	0
predictably soulless techno ##cracy	0
predictably soulless techno ?	0
tsai has a well deserved reputation as one of the cinema world is great visual stylists and in this film every shot enhances the excellent performances	1
tsai has a well deserved reputation as one of the cinema world is great visual stylists . in this film every shot enhances the excellent performances	1
tsai has a well deserved reputation as one of the cinema world is great visual stylists and in this film every shot enhances the excellent performances	1
tsai has a well deserved reputation as one of the cinema world is great visual stylists … in this film every shot enhances the excellent performances	1
tsai has a well deserved reputation as one of the cinema world is great visual stylists ; in this film every shot enhances the excellent performances	1
tsai has a well deserved reputation as one of the cinema world is great visual stylists & in this film every shot enhances the excellent performances	1
tsai has a well deserved reputation as one of the cinema world is great visual stylists because in this film every shot enhances the excellent performances	1
tsai has a well deserved reputation as one of the cinema world is great visual stylists , in this film every shot enhances the excellent performances	1
tsai has a well deserved reputation as one of the cinema world is great visual stylists while in this film every shot enhances the excellent performances	1
tsai has a well deserved reputation as one of the cinema world is great visual stylists ... in this film every shot enhances the excellent performances	1
tsai has a well deserved reputation as one of the cinema world is great visual stylists but in this film every shot enhances the excellent performances	1
for a movie about the power of poetry and passion there is precious little of either	0
for a movie about the power of poetry and passion there is precious little of either	0
for a movie about the power between poetry and passion there is precious little of either	0
for a movie about the power , poetry and passion there is precious little of either	0
for a movie about the power in poetry and passion there is precious little of either	0
for a movie about the power ##less poetry and passion there is precious little of either	0
for a movie about the power ##ful poetry and passion there is precious little of either	0
for a movie about the power and poetry and passion there is precious little of either	0
for a movie about the power behind poetry and passion there is precious little of either	0
for a movie about the power over poetry and passion there is precious little of either	0
for a movie about the power - poetry and passion there is precious little of either	0
diggs and lathan are among the chief reasons brown sugar is such a sweet and sexy film	1
diggs and lathan are among the chief reasons brown ##wood is such a sweet and sexy film	1
diggs and lathan are among the chief reasons brown ##ie is such a sweet and sexy film	1
diggs and lathan are among the chief reasons brown ##stone is such a sweet and sexy film	1
diggs and lathan are among the chief reasons brown ##low is such a sweet and sexy film	1
diggs and lathan are among the chief reasons brown sugar is such a sweet and sexy film	1
diggs and lathan are among the chief reasons brown ##e is such a sweet and sexy film	1
diggs and lathan are among the chief reasons brown ##gum is such a sweet and sexy film	1
diggs and lathan are among the chief reasons brown ##field is such a sweet and sexy film	1
diggs and lathan are among the chief reasons brown ##lee is such a sweet and sexy film	1
diggs and lathan are among the chief reasons brown ##more is such a sweet and sexy film	1
uneven but a lot of fun	1
nothing but a lot of fun	1
all but a lot of fun	1
Nothing but a lot of fun	1
anything but a lot of fun	1
fun but a lot of fun	1
Anything but a lot of fun	1
funny but a lot of fun	1
All but a lot of fun	1
everything but a lot of fun	1
little but a lot of fun	1
when the film ended i felt tired and drained and wanted to lie on my own deathbed for a while	0
when the film ended i felt tired and drained and wanted to lie on my own deathbed for a while	0
when the film ended i felt tired and drained and wanted to lie beside my own deathbed for a while	0
when the film ended i felt tired and drained and wanted to lie in my own deathbed for a while	0
when the film ended i felt tired and drained and wanted to lie under my own deathbed for a while	0
when the film ended i felt tired and drained and wanted to lie at my own deathbed for a while	0
when the film ended i felt tired and drained and wanted to lie near my own deathbed for a while	0
when the film ended i felt tired and drained and wanted to lie upon my own deathbed for a while	0
when the film ended i felt tired and drained and wanted to lie beneath my own deathbed for a while	0
when the film ended i felt tired and drained and wanted to lie down my own deathbed for a while	0
when the film ended i felt tired and drained and wanted to lie to my own deathbed for a while	0
contains the humor characterization poignancy and intelligence of a bad sitcom	0
contains the humor ##istic poignancy and intelligence of a bad sitcom	0
contains the humor ##al poignancy and intelligence of a bad sitcom	0
contains the humor , poignancy and intelligence of a bad sitcom	0
contains the humor ##less poignancy and intelligence of a bad sitcom	0
contains the humor ##ous poignancy and intelligence of a bad sitcom	0
contains the humor ##ist poignancy and intelligence of a bad sitcom	0
contains the humor of poignancy and intelligence of a bad sitcom	0
contains the humor ##y poignancy and intelligence of a bad sitcom	0
contains the humor and poignancy and intelligence of a bad sitcom	0
contains the humor ##ological poignancy and intelligence of a bad sitcom	0
i can easily imagine benigni is pinocchio becoming a christmas perennial	1
i can easily imagine benigni is pinocchio or a christmas perennial	1
i can easily imagine benigni is pinocchio , a christmas perennial	1
i can easily imagine benigni is pinocchio without a christmas perennial	1
i can easily imagine benigni is pinocchio — a christmas perennial	1
i can easily imagine benigni is pinocchio and a christmas perennial	1
i can easily imagine benigni is pinocchio as a christmas perennial	1
i can easily imagine benigni is pinocchio for a christmas perennial	1
i can easily imagine benigni is pinocchio with a christmas perennial	1
i can easily imagine benigni is pinocchio in a christmas perennial	1
i can easily imagine benigni is pinocchio : a christmas perennial	1
generates an enormous feeling of empathy for its characters	1
has an enormous feeling of empathy for its characters	1
creates an enormous feeling of empathy for its characters	1
gives an enormous feeling of empathy for its characters	1
creating an enormous feeling of empathy for its characters	1
maintains an enormous feeling of empathy for its characters	1
displays an enormous feeling of empathy for its characters	1
With an enormous feeling of empathy for its characters	1
develops an enormous feeling of empathy for its characters	1
carries an enormous feeling of empathy for its characters	1
with an enormous feeling of empathy for its characters	1
reggio is continual visual barrage is absorbing as well as thought provoking	1
reggio is continual ; barrage is absorbing as well as thought provoking	1
reggio is continual and barrage is absorbing as well as thought provoking	1
reggio is continual as barrage is absorbing as well as thought provoking	1
reggio is continual because barrage is absorbing as well as thought provoking	1
reggio is continual : barrage is absorbing as well as thought provoking	1
reggio is continual that barrage is absorbing as well as thought provoking	1
reggio is continual , barrage is absorbing as well as thought provoking	1
reggio is continual when barrage is absorbing as well as thought provoking	1
reggio is continual creative barrage is absorbing as well as thought provoking	1
reggio is continual . barrage is absorbing as well as thought provoking	1
spreads itself too thin leaving these actors as well as the members of the commune short of profound characterizations	0
spreads itself too thin for these actors as well as the members of the commune short of profound characterizations	0
spreads itself too thin among these actors as well as the members of the commune short of profound characterizations	0
spreads itself too thin upon these actors as well as the members of the commune short of profound characterizations	0
spreads itself too thin between these actors as well as the members of the commune short of profound characterizations	0
spreads itself too thin by these actors as well as the members of the commune short of profound characterizations	0
spreads itself too thin on these actors as well as the members of the commune short of profound characterizations	0
spreads itself too thin without these actors as well as the members of the commune short of profound characterizations	0
spreads itself too thin amongst these actors as well as the members of the commune short of profound characterizations	0
spreads itself too thin to these actors as well as the members of the commune short of profound characterizations	0
spreads itself too thin with these actors as well as the members of the commune short of profound characterizations	0
once again director chris columbus takes a hat in hand approach to rowling that stifles creativity and allows the film to drag on for nearly three hours	0
once again director chris columbus takes a hat - hand approach to rowling that stifles creativity and allows the film to drag on for nearly three hours	0
once again director chris columbus takes a hat ##ty hand approach to rowling that stifles creativity and allows the film to drag on for nearly three hours	0
once again director chris columbus takes a hat ##less hand approach to rowling that stifles creativity and allows the film to drag on for nearly three hours	0
once again director chris columbus takes a hat ##ful hand approach to rowling that stifles creativity and allows the film to drag on for nearly three hours	0
once again director chris columbus takes a hat ##ted hand approach to rowling that stifles creativity and allows the film to drag on for nearly three hours	0
once again director chris columbus takes a hat ##tie hand approach to rowling that stifles creativity and allows the film to drag on for nearly three hours	0
once again director chris columbus takes a hat and hand approach to rowling that stifles creativity and allows the film to drag on for nearly three hours	0
once again director chris columbus takes a hat to hand approach to rowling that stifles creativity and allows the film to drag on for nearly three hours	0
once again director chris columbus takes a hat / hand approach to rowling that stifles creativity and allows the film to drag on for nearly three hours	0
once again director chris columbus takes a hat ##py hand approach to rowling that stifles creativity and allows the film to drag on for nearly three hours	0
has all the hallmarks of a movie designed strictly for children is home video a market so insatiable it absorbs all manner of lame entertainment as long as year olds find it diverting	0
has all the hallmarks of a movie designed strictly for children is home video a market so insatiable it absorbs all manner of lame entertainment as long as younger olds find it diverting	0
has all the hallmarks of a movie designed strictly for children is home video a market so insatiable it absorbs all manner of lame entertainment as long as teenage olds find it diverting	0
has all the hallmarks of a movie designed strictly for children is home video a market so insatiable it absorbs all manner of lame entertainment as long as young olds find it diverting	0
has all the hallmarks of a movie designed strictly for children is home video a market so insatiable it absorbs all manner of lame entertainment as long as older olds find it diverting	0
has all the hallmarks of a movie designed strictly for children is home video a market so insatiable it absorbs all manner of lame entertainment as long as adult olds find it diverting	0
has all the hallmarks of a movie designed strictly for children is home video a market so insatiable it absorbs all manner of lame entertainment as long as teen olds find it diverting	0
has all the hallmarks of a movie designed strictly for children is home video a market so insatiable it absorbs all manner of lame entertainment as long as mature olds find it diverting	0
has all the hallmarks of a movie designed strictly for children is home video a market so insatiable it absorbs all manner of lame entertainment as long as adolescent olds find it diverting	0
has all the hallmarks of a movie designed strictly for children is home video a market so insatiable it absorbs all manner of lame entertainment as long as prospective olds find it diverting	0
has all the hallmarks of a movie designed strictly for children is home video a market so insatiable it absorbs all manner of lame entertainment as long as those olds find it diverting	0
a whale of a good time for both children and parents seeking christian themed fun	1
a whale of a good time for both children and parents seeking christian themed fun	1
a whale of wishing good time for both children and parents seeking christian themed fun	1
a whale of good good time for both children and parents seeking christian themed fun	1
a whale of great good time for both children and parents seeking christian themed fun	1
a whale of happy good time for both children and parents seeking christian themed fun	1
a whale of very good time for both children and parents seeking christian themed fun	1
a whale of really good time for both children and parents seeking christian themed fun	1
a whale of wonderful good time for both children and parents seeking christian themed fun	1
a whale of surprisingly good time for both children and parents seeking christian themed fun	1
a whale of exceptionally good time for both children and parents seeking christian themed fun	1
there are plot holes big enough for shamu the killer whale to swim through	0
there are plot holes big enough for shamu the killer whale to swim .	0
there are plot holes big enough for shamu the killer whale to swim ;	0
there are plot holes big enough for shamu the killer whale to swim :	0
there are plot holes big enough for shamu the killer whale to swim !	0
there are plot holes big enough for shamu the killer whale to swim ashore	0
there are plot holes big enough for shamu the killer whale to swim underwater	0
there are plot holes big enough for shamu the killer whale to swim ?	0
there are plot holes big enough for shamu the killer whale to swim in	0
there are plot holes big enough for shamu the killer whale to swim into	0
there are plot holes big enough for shamu the killer whale to swim inside	0
director andrew niccol demonstrates a wry understanding of the quirks of fame	1
director andrew niccol : a wry understanding of the quirks of fame	1
director andrew niccol gives a wry understanding of the quirks of fame	1
director andrew niccol maintains a wry understanding of the quirks of fame	1
director andrew niccol with a wry understanding of the quirks of fame	1
director andrew niccol offers a wry understanding of the quirks of fame	1
director andrew niccol — a wry understanding of the quirks of fame	1
director andrew niccol has a wry understanding of the quirks of fame	1
director andrew niccol provides a wry understanding of the quirks of fame	1
director andrew niccol develops a wry understanding of the quirks of fame	1
director andrew niccol enjoys a wry understanding of the quirks of fame	1
a must for fans of british cinema if only because so many titans of the industry are along for the ride	1
a must for fans of british cinema if only because so many titans of the era are along for the ride	1
a must for fans of british cinema if only because so many titans of the movie are along for the ride	1
a must for fans of british cinema if only because so many titans of the time are along for the ride	1
a must for fans of british cinema if only because so many titans of the genre are along for the ride	1
a must for fans of british cinema if only because so many titans of the 1960s are along for the ride	1
a must for fans of british cinema if only because so many titans of the film are along for the ride	1
a must for fans of british cinema if only because so many titans of the cinema are along for the ride	1
a must for fans of british cinema if only because so many titans of the movies are along for the ride	1
a must for fans of british cinema if only because so many titans of the 1950s are along for the ride	1
a must for fans of british cinema if only because so many titans of the 1930s are along for the ride	1
though clearly well intentioned this cross cultural soap opera is painfully formulaic and stilted	0
though clearly well intentioned this cross cultural soap opera is painfully formulaic and stilted	0
though clearly well intentioned this cross cultural comic opera is painfully formulaic and stilted	0
though clearly well intentioned this cross cultural crossover opera is painfully formulaic and stilted	0
though clearly well intentioned this cross cultural chamber opera is painfully formulaic and stilted	0
though clearly well intentioned this cross cultural folk opera is painfully formulaic and stilted	0
though clearly well intentioned this cross cultural romantic opera is painfully formulaic and stilted	0
though clearly well intentioned this cross cultural baroque opera is painfully formulaic and stilted	0
though clearly well intentioned this cross cultural concept opera is painfully formulaic and stilted	0
though clearly well intentioned this cross cultural love opera is painfully formulaic and stilted	0
though clearly well intentioned this cross cultural ballad opera is painfully formulaic and stilted	0
that is because relatively nothing happens	0
this is because relatively nothing happens	0
that is because relatively nothing happens	0
which is because relatively nothing happens	0
it is because relatively nothing happens	0
This is because relatively nothing happens	0
That is because relatively nothing happens	0
Which is because relatively nothing happens	0
It is because relatively nothing happens	0
reason is because relatively nothing happens	0
problem is because relatively nothing happens	0
novak contemplates a heartland so overwhelmed by its lack of purpose that it seeks excitement in manufactured high drama	0
it contemplates a heartland so overwhelmed by its lack of purpose that it seeks excitement in manufactured high drama	0
It contemplates a heartland so overwhelmed by its lack of purpose that it seeks excitement in manufactured high drama	0
society contemplates a heartland so overwhelmed by its lack of purpose that it seeks excitement in manufactured high drama	0
destiny contemplates a heartland so overwhelmed by its lack of purpose that it seeks excitement in manufactured high drama	0
imagination contemplates a heartland so overwhelmed by its lack of purpose that it seeks excitement in manufactured high drama	0
humanity contemplates a heartland so overwhelmed by its lack of purpose that it seeks excitement in manufactured high drama	0
mankind contemplates a heartland so overwhelmed by its lack of purpose that it seeks excitement in manufactured high drama	0
tragedy contemplates a heartland so overwhelmed by its lack of purpose that it seeks excitement in manufactured high drama	0
he contemplates a heartland so overwhelmed by its lack of purpose that it seeks excitement in manufactured high drama	0
nature contemplates a heartland so overwhelmed by its lack of purpose that it seeks excitement in manufactured high drama	0
utter mush conceited pap	0
• mush conceited pap	0
fat mush conceited pap	0
mighty mush conceited pap	0
dirty mush conceited pap	0
The mush conceited pap	0
· mush conceited pap	0
sir mush conceited pap	0
@ mush conceited pap	0
the mush conceited pap	0
^ mush conceited pap	0
cassavetes thinks he is making dog day afternoon with a cause but all he is done is to reduce everything he touches to a shrill didactic cartoon	0
cassavetes thinks he is spending dog day afternoon with a cause but all he is done is to reduce everything he touches to a shrill didactic cartoon	0
cassavetes thinks he is doing dog day afternoon with a cause but all he is done is to reduce everything he touches to a shrill didactic cartoon	0
cassavetes thinks he is a dog day afternoon with a cause but all he is done is to reduce everything he touches to a shrill didactic cartoon	0
cassavetes thinks he is wasting dog day afternoon with a cause but all he is done is to reduce everything he touches to a shrill didactic cartoon	0
cassavetes thinks he is playing dog day afternoon with a cause but all he is done is to reduce everything he touches to a shrill didactic cartoon	0
cassavetes thinks he is treating dog day afternoon with a cause but all he is done is to reduce everything he touches to a shrill didactic cartoon	0
cassavetes thinks he is eating dog day afternoon with a cause but all he is done is to reduce everything he touches to a shrill didactic cartoon	0
cassavetes thinks he is enjoying dog day afternoon with a cause but all he is done is to reduce everything he touches to a shrill didactic cartoon	0
cassavetes thinks he is buying dog day afternoon with a cause but all he is done is to reduce everything he touches to a shrill didactic cartoon	0
cassavetes thinks he is helping dog day afternoon with a cause but all he is done is to reduce everything he touches to a shrill didactic cartoon	0
disjointed parody	0
disjointed .	0
disjointed ;	0
disjointed :	0
disjointed sets	0
disjointed |	0
disjointed pairs	0
disjointed lines	0
disjointed graphs	0
disjointed vectors	0
disjointed edges	0
in fact it is quite fun in places	1
in fact it is quite fun in places	1
in fact fishing is quite fun in places	1
in fact swimming is quite fun in places	1
in fact dancing is quite fun in places	1
in fact surfing is quite fun in places	1
in fact hunting is quite fun in places	1
in fact gambling is quite fun in places	1
in fact camping is quite fun in places	1
in fact smoking is quite fun in places	1
in fact riding is quite fun in places	1
it can not be enjoyed even on the level that one enjoys a bad slasher flick primarily because it is dull	0
it cannot be enjoyed even on the level that one enjoys a typical slasher flick primarily because it is dull	0
it cannot be enjoyed even on the level that one enjoys a classic slasher flick primarily because it is dull	0
it cannot be enjoyed even on the level that one enjoys a hardcore slasher flick primarily because it is dull	0
it cannot be enjoyed even on the level that one enjoys a straight slasher flick primarily because it is dull	0
it cannot be enjoyed even on the level that one enjoys a particular slasher flick primarily because it is dull	0
it cannot be enjoyed even on the level that one enjoys a cheap slasher flick primarily because it is dull	0
it cannot be enjoyed even on the level that one enjoys a violent slasher flick primarily because it is dull	0
it cannot be enjoyed even on the level that one enjoys a horror slasher flick primarily because it is dull	0
it cannot be enjoyed even on the level that one enjoys a monster slasher flick primarily because it is dull	0
it cannot be enjoyed even on the level that one enjoys a decent slasher flick primarily because it is dull	0
it is always disappointing when a documentary fails to live up to or offer any new insight into its chosen topic	0
it is always disappointing when a documentary fails to live up to or offer any new insight into its chosen topic	0
it is always disappointing when a documentary fails to live up to or offer any new insight into its chosen themes	0
it is always disappointing when a documentary fails to live up to or offer any new insight into its chosen subject	0
it is always disappointing when a documentary fails to live up to or offer any new insight into its chosen theme	0
it is always disappointing when a documentary fails to live up to or offer any new insight into its chosen .	0
it is always disappointing when a documentary fails to live up to or offer any new insight into its chosen subjects	0
it is always disappointing when a documentary fails to live up to or offer any new insight into its chosen topics	0
it is always disappointing when a documentary fails to live up to or offer any new insight into its chosen audience	0
it is always disappointing when a documentary fails to live up to or offer any new insight into its chosen premise	0
it is always disappointing when a documentary fails to live up to or offer any new insight into its chosen content	0
in the era of the sopranos it feels painfully redundant and inauthentic	0
in the case of the sopranos it feels painfully redundant and inauthentic	0
in the absence of the sopranos it feels painfully redundant and inauthentic	0
in the context of the sopranos it feels painfully redundant and inauthentic	0
in the midst of the sopranos it feels painfully redundant and inauthentic	0
in the presence of the sopranos it feels painfully redundant and inauthentic	0
in the voice of the sopranos it feels painfully redundant and inauthentic	0
in the opinion of the sopranos it feels painfully redundant and inauthentic	0
in the performance of the sopranos it feels painfully redundant and inauthentic	0
in the chorus of the sopranos it feels painfully redundant and inauthentic	0
in the music of the sopranos it feels painfully redundant and inauthentic	0
a hypnotic cyber hymn and a cruel story of youth culture	1
a hypnotic folk hymn and a cruel story of youth culture	1
a hypnotic youth hymn and a cruel story of youth culture	1
a hypnotic love hymn and a cruel story of youth culture	1
a hypnotic fairy hymn and a cruel story of youth culture	1
a hypnotic gospel hymn and a cruel story of youth culture	1
a hypnotic religious hymn and a cruel story of youth culture	1
a hypnotic teenage hymn and a cruel story of youth culture	1
a hypnotic carnival hymn and a cruel story of youth culture	1
a hypnotic choral hymn and a cruel story of youth culture	1
a hypnotic pagan hymn and a cruel story of youth culture	1
much of the cast is stiff or just plain bad	0
much of the cast is poor or just plain bad	0
much of the cast is bad or just plain bad	0
much of the cast is uncredited or just plain bad	0
much of the cast is unknown or just plain bad	0
much of the cast is fantastic or just plain bad	0
much of the cast is terrible or just plain bad	0
much of the cast is lame or just plain bad	0
much of the cast is weak or just plain bad	0
much of the cast is tired or just plain bad	0
much of the cast is dead or just plain bad	0
i ve yet to find an actual vietnam war combat movie actually produced by either the north or south vietnamese but at least now we ve got something pretty damn close	1
i ve yet to find an actual vietnam war propaganda movie actually produced by either the north or south vietnamese but at least now we ve got something pretty damn close	1
i ve yet to find an actual vietnam war action movie actually produced by either the north or south vietnamese but at least now we ve got something pretty damn close	1
i ve yet to find an actual vietnam war drama movie actually produced by either the north or south vietnamese but at least now we ve got something pretty damn close	1
i ve yet to find an actual vietnam war war movie actually produced by either the north or south vietnamese but at least now we ve got something pretty damn close	1
i ve yet to find an actual vietnam war spy movie actually produced by either the north or south vietnamese but at least now we ve got something pretty damn close	1
i ve yet to find an actual vietnam war ##time movie actually produced by either the north or south vietnamese but at least now we ve got something pretty damn close	1
i ve yet to find an actual vietnam war movie movie actually produced by either the north or south vietnamese but at least now we ve got something pretty damn close	1
i ve yet to find an actual vietnam war ##like movie actually produced by either the north or south vietnamese but at least now we ve got something pretty damn close	1
i ve yet to find an actual vietnam war horror movie actually produced by either the north or south vietnamese but at least now we ve got something pretty damn close	1
i ve yet to find an actual vietnam war ##game movie actually produced by either the north or south vietnamese but at least now we ve got something pretty damn close	1
a bizarre piece of work with premise and dialogue at the level of kids television and plot threads as morose as teen pregnancy rape and suspected murder	0
a bizarre piece of work with premise ##al dialogue at the level of kids television and plot threads as morose as teen pregnancy rape and suspected murder	0
a bizarre piece of work with premise involving dialogue at the level of kids television and plot threads as morose as teen pregnancy rape and suspected murder	0
a bizarre piece of work with premise explores dialogue at the level of kids television and plot threads as morose as teen pregnancy rape and suspected murder	0
a bizarre piece of work with premise of dialogue at the level of kids television and plot threads as morose as teen pregnancy rape and suspected murder	0
a bizarre piece of work with premise ##ual dialogue at the level of kids television and plot threads as morose as teen pregnancy rape and suspected murder	0
a bizarre piece of work with premise and dialogue at the level of kids television and plot threads as morose as teen pregnancy rape and suspected murder	0
a bizarre piece of work with premise ##less dialogue at the level of kids television and plot threads as morose as teen pregnancy rape and suspected murder	0
a bizarre piece of work with premise ##d dialogue at the level of kids television and plot threads as morose as teen pregnancy rape and suspected murder	0
a bizarre piece of work with premise ##tized dialogue at the level of kids television and plot threads as morose as teen pregnancy rape and suspected murder	0
a bizarre piece of work with premise lacks dialogue at the level of kids television and plot threads as morose as teen pregnancy rape and suspected murder	0
a documentary to make the stones weep as shameful as it is scary	0
a documentary to make the stones weep as shameful as it gets scary	0
a documentary to make the stones weep as shameful as it is scary	0
a documentary to make the stones weep as shameful as it feels scary	0
a documentary to make the stones weep as shameful as it looks scary	0
a documentary to make the stones weep as shameful as it sounds scary	0
a documentary to make the stones weep as shameful as it was scary	0
a documentary to make the stones weep as shameful as it seems scary	0
a documentary to make the stones weep as shameful as it sounded scary	0
a documentary to make the stones weep as shameful as it felt scary	0
a documentary to make the stones weep as shameful as it becomes scary	0
there is got to be a more graceful way of portraying the devastation of this disease	0
there is got to be a more graceful way of portraying the devastation of this disease	0
there is got to be a more graceful way towards portraying the devastation of this disease	0
there is got to be a more graceful way for portraying the devastation of this disease	0
there is got to be a more graceful way in portraying the devastation of this disease	0
there is got to be a more graceful way to portraying the devastation of this disease	0
there is got to be a more graceful way about portraying the devastation of this disease	0
there is got to be a more graceful way toward portraying the devastation of this disease	0
there is got to be a more graceful way by portraying the devastation of this disease	0
there is got to be a more graceful way at portraying the devastation of this disease	0
there is got to be a more graceful way around portraying the devastation of this disease	0
and your reward will be a thoughtful emotional movie experience	1
and your reward will be a thoughtful emotional movie experience	1
and your reward must be a thoughtful emotional movie experience	1
and your reward should be a thoughtful emotional movie experience	1
and your reward shall be a thoughtful emotional movie experience	1
and your reward can be a thoughtful emotional movie experience	1
and your reward would be a thoughtful emotional movie experience	1
and your reward may be a thoughtful emotional movie experience	1
and your reward might be a thoughtful emotional movie experience	1
and your reward to be a thoughtful emotional movie experience	1
and your reward could be a thoughtful emotional movie experience	1
brash intelligent and erotically perplexing haneke is portrait of an upper class austrian society and the suppression of its tucked away demons is uniquely felt with a sardonic jolt	1
brash intelligent and erotically perplexing haneke whose portrait of an upper class austrian society and the suppression of its tucked away demons is uniquely felt with a sardonic jolt	1
brash intelligent and erotically perplexing haneke ##´s portrait of an upper class austrian society and the suppression of its tucked away demons is uniquely felt with a sardonic jolt	1
brash intelligent and erotically perplexing haneke ##gaard portrait of an upper class austrian society and the suppression of its tucked away demons is uniquely felt with a sardonic jolt	1
brash intelligent and erotically perplexing haneke : portrait of an upper class austrian society and the suppression of its tucked away demons is uniquely felt with a sardonic jolt	1
brash intelligent and erotically perplexing haneke - portrait of an upper class austrian society and the suppression of its tucked away demons is uniquely felt with a sardonic jolt	1
brash intelligent and erotically perplexing haneke the portrait of an upper class austrian society and the suppression of its tucked away demons is uniquely felt with a sardonic jolt	1
brash intelligent and erotically perplexing haneke ##e portrait of an upper class austrian society and the suppression of its tucked away demons is uniquely felt with a sardonic jolt	1
brash intelligent and erotically perplexing haneke ##wicz portrait of an upper class austrian society and the suppression of its tucked away demons is uniquely felt with a sardonic jolt	1
brash intelligent and erotically perplexing haneke , portrait of an upper class austrian society and the suppression of its tucked away demons is uniquely felt with a sardonic jolt	1
brash intelligent and erotically perplexing haneke a portrait of an upper class austrian society and the suppression of its tucked away demons is uniquely felt with a sardonic jolt	1
it forces you to watch people doing unpleasant things to each other and themselves and it maintains a cool distance from its material that is deliberately unsettling	0
it forces you to imagine people doing unpleasant things to each other and themselves and it maintains a cool distance from its material that is deliberately unsettling	0
it forces you to observe people doing unpleasant things to each other and themselves and it maintains a cool distance from its material that is deliberately unsettling	0
it forces you to see people doing unpleasant things to each other and themselves and it maintains a cool distance from its material that is deliberately unsettling	0
it forces you to avoid people doing unpleasant things to each other and themselves and it maintains a cool distance from its material that is deliberately unsettling	0
it forces you to watch people doing unpleasant things to each other and themselves and it maintains a cool distance from its material that is deliberately unsettling	0
it forces you to dislike people doing unpleasant things to each other and themselves and it maintains a cool distance from its material that is deliberately unsettling	0
it forces you to notice people doing unpleasant things to each other and themselves and it maintains a cool distance from its material that is deliberately unsettling	0
it forces you to recall people doing unpleasant things to each other and themselves and it maintains a cool distance from its material that is deliberately unsettling	0
it forces you to perceive people doing unpleasant things to each other and themselves and it maintains a cool distance from its material that is deliberately unsettling	0
it forces you to ignore people doing unpleasant things to each other and themselves and it maintains a cool distance from its material that is deliberately unsettling	0
it is the element of condescension as the filmmakers look down on their working class subjects from their lofty perch that finally makes sex with strangers which opens today in the new york metropolitan area so distasteful	0
it is the element of condescension as the filmmakers look down on their working class subjects from their lofty perch that finally finds sex with strangers which opens today in the new york metropolitan area so distasteful	0
it is the element of condescension as the filmmakers look down on their working class subjects from their lofty perch that finally find sex with strangers which opens today in the new york metropolitan area so distasteful	0
it is the element of condescension as the filmmakers look down on their working class subjects from their lofty perch that finally discover sex with strangers which opens today in the new york metropolitan area so distasteful	0
it is the element of condescension as the filmmakers look down on their working class subjects from their lofty perch that finally reveals sex with strangers which opens today in the new york metropolitan area so distasteful	0
it is the element of condescension as the filmmakers look down on their working class subjects from their lofty perch that finally involves sex with strangers which opens today in the new york metropolitan area so distasteful	0
it is the element of condescension as the filmmakers look down on their working class subjects from their lofty perch that finally reveal sex with strangers which opens today in the new york metropolitan area so distasteful	0
it is the element of condescension as the filmmakers look down on their working class subjects from their lofty perch that finally discovers sex with strangers which opens today in the new york metropolitan area so distasteful	0
it is the element of condescension as the filmmakers look down on their working class subjects from their lofty perch that finally proposes sex with strangers which opens today in the new york metropolitan area so distasteful	0
it is the element of condescension as the filmmakers look down on their working class subjects from their lofty perch that finally experience sex with strangers which opens today in the new york metropolitan area so distasteful	0
it is the element of condescension as the filmmakers look down on their working class subjects from their lofty perch that finally suggests sex with strangers which opens today in the new york metropolitan area so distasteful	0
nothing short of a masterpiece and a challenging one	1
nothing short of a masterpiece and a challenging .	1
nothing short of a masterpiece and a challenging adventure	1
nothing short of a masterpiece and a challenging task	1
nothing short of a masterpiece and a challenging story	1
nothing short of a masterpiece and a challenging thriller	1
nothing short of a masterpiece and a challenging ;	1
nothing short of a masterpiece and a challenging mystery	1
nothing short of a masterpiece and a challenging challenge	1
nothing short of a masterpiece and a challenging tale	1
nothing short of a masterpiece and a challenging experience	1
i just saw this movie well it is probably not accurate to call it a movie	0
i just saw this movie well it is probably not accurate to call such a movie	0
i just saw this movie well it is probably not accurate to call this a movie	0
i just saw this movie well it is probably not accurate to call it a movie	0
i just saw this movie well it is probably not accurate to call that a movie	0
i just saw this movie well it is probably not accurate to call you a movie	0
i just saw this movie well it is probably not accurate to call me a movie	0
i just saw this movie well it is probably not accurate to call for a movie	0
i just saw this movie well it is probably not accurate to call them a movie	0
i just saw this movie well it is probably not accurate to call us a movie	0
i just saw this movie well it is probably not accurate to call him a movie	0
a muted freak out	0
a muted fade out	0
a muted shout out	0
a muted call out	0
a muted cry out	0
a muted tune out	0
a muted cries out	0
a muted crying out	0
a muted calling out	0
a muted rang out	0
a muted song out	0
there is an underlying old world sexism to monday morning that undercuts its charm	0
there is an old old world sexism to monday morning that undercuts its charm	0
there is an occasional old world sexism to monday morning that undercuts its charm	0
there is an apparent old world sexism to monday morning that undercuts its charm	0
there is an interesting old world sexism to monday morning that undercuts its charm	0
there is an underlying old world sexism to monday morning that undercuts its charm	0
there is an enduring old world sexism to monday morning that undercuts its charm	0
there is an extreme old world sexism to monday morning that undercuts its charm	0
there is an almost old world sexism to monday morning that undercuts its charm	0
there is an obvious old world sexism to monday morning that undercuts its charm	0
there is an unfortunate old world sexism to monday morning that undercuts its charm	0
though the film is static its writer director is heart is in the right place his plea for democracy and civic action laudable	1
though this film is static its writer director is heart is in the right place his plea for democracy and civic action laudable	1
though the film is static its writer director is heart is in the right place his plea for democracy and civic action laudable	1
though his film is static its writer director is heart is in the right place his plea for democracy and civic action laudable	1
though that film is static its writer director is heart is in the right place his plea for democracy and civic action laudable	1
though a film is static its writer director is heart is in the right place his plea for democracy and civic action laudable	1
though no film is static its writer director is heart is in the right place his plea for democracy and civic action laudable	1
though every film is static its writer director is heart is in the right place his plea for democracy and civic action laudable	1
though neither film is static its writer director is heart is in the right place his plea for democracy and civic action laudable	1
though our film is static its writer director is heart is in the right place his plea for democracy and civic action laudable	1
though any film is static its writer director is heart is in the right place his plea for democracy and civic action laudable	1
with mcconaughey in an entirely irony free zone and bale reduced mainly to batting his sensitive eyelids there is not enough intelligence wit or innovation on the screen to attract and sustain an older crowd	0
with mcconaughey in an entirely irony free zone and bale reduced mainly to batting his sensitive eyelids there is not enough intelligence wit and innovation on the screen to attract and sustain an older crowd	0
with mcconaughey in an entirely irony free zone and bale reduced mainly to batting his sensitive eyelids there is not enough intelligence wit or innovation on the screen to attract and sustain an older crowd	0
with mcconaughey in an entirely irony free zone and bale reduced mainly to batting his sensitive eyelids there is not enough intelligence wit ##ty innovation on the screen to attract and sustain an older crowd	0
with mcconaughey in an entirely irony free zone and bale reduced mainly to batting his sensitive eyelids there is not enough intelligence wit ##ting innovation on the screen to attract and sustain an older crowd	0
with mcconaughey in an entirely irony free zone and bale reduced mainly to batting his sensitive eyelids there is not enough intelligence wit ##tering innovation on the screen to attract and sustain an older crowd	0
with mcconaughey in an entirely irony free zone and bale reduced mainly to batting his sensitive eyelids there is not enough intelligence wit ##tic innovation on the screen to attract and sustain an older crowd	0
with mcconaughey in an entirely irony free zone and bale reduced mainly to batting his sensitive eyelids there is not enough intelligence wit ##ted innovation on the screen to attract and sustain an older crowd	0
with mcconaughey in an entirely irony free zone and bale reduced mainly to batting his sensitive eyelids there is not enough intelligence wit ##table innovation on the screen to attract and sustain an older crowd	0
with mcconaughey in an entirely irony free zone and bale reduced mainly to batting his sensitive eyelids there is not enough intelligence wit in innovation on the screen to attract and sustain an older crowd	0
with mcconaughey in an entirely irony free zone and bale reduced mainly to batting his sensitive eyelids there is not enough intelligence wit ##tery innovation on the screen to attract and sustain an older crowd	0
skin of man gets a few cheap shocks from its kids in peril theatrics but it also taps into the primal fears of young people trying to cope with the mysterious and brutal nature of adults	1
skin of man gets a few cheap shocks from its kids in peril theatrics but it also taps into the primal fears of young people trying to cope with the mysterious and brutal nature of adults	1
skin of man gets a few cheap shocks from its kids in peril theatrics but it also taps into the primal fears for young people trying to cope with the mysterious and brutal nature of adults	1
skin of man gets a few cheap shocks from its kids in peril theatrics but it also taps into the primal fears among young people trying to cope with the mysterious and brutal nature of adults	1
skin of man gets a few cheap shocks from its kids in peril theatrics but it also taps into the primal fears amongst young people trying to cope with the mysterious and brutal nature of adults	1
skin of man gets a few cheap shocks from its kids in peril theatrics but it also taps into the primal fears facing young people trying to cope with the mysterious and brutal nature of adults	1
skin of man gets a few cheap shocks from its kids in peril theatrics but it also taps into the primal fears about young people trying to cope with the mysterious and brutal nature of adults	1
skin of man gets a few cheap shocks from its kids in peril theatrics but it also taps into the primal fears concerning young people trying to cope with the mysterious and brutal nature of adults	1
skin of man gets a few cheap shocks from its kids in peril theatrics but it also taps into the primal fears surrounding young people trying to cope with the mysterious and brutal nature of adults	1
skin of man gets a few cheap shocks from its kids in peril theatrics but it also taps into the primal fears against young people trying to cope with the mysterious and brutal nature of adults	1
skin of man gets a few cheap shocks from its kids in peril theatrics but it also taps into the primal fears between young people trying to cope with the mysterious and brutal nature of adults	1
like all great films about a life you never knew existed it offers much to absorb and even more to think about after the final frame	1
like all great films about a life you never knew existed it offers much to absorb and even more to think about after the final frame	1
like all great films about a life you never knew existed it offers much to absorb and even more you think about after the final frame	1
like all great films about a life you never knew existed it offers much to absorb and even more people think about after the final frame	1
like all great films about a life you never knew existed it offers much to absorb and even more we think about after the final frame	1
like all great films about a life you never knew existed it offers much to absorb and even more interesting think about after the final frame	1
like all great films about a life you never knew existed it offers much to absorb and even more viewers think about after the final frame	1
like all great films about a life you never knew existed it offers much to absorb and even more can think about after the final frame	1
like all great films about a life you never knew existed it offers much to absorb and even more importantly think about after the final frame	1
like all great films about a life you never knew existed it offers much to absorb and even more things think about after the final frame	1
like all great films about a life you never knew existed it offers much to absorb and even more readers think about after the final frame	1
an average b movie with no aspirations to be anything more	0
an average b movie with no aspirations to be anything more	0
• average b movie with no aspirations to be anything more	0
typical average b movie with no aspirations to be anything more	0
An average b movie with no aspirations to be anything more	0
average average b movie with no aspirations to be anything more	0
above average b movie with no aspirations to be anything more	0
The average b movie with no aspirations to be anything more	0
the average b movie with no aspirations to be anything more	0
rated average b movie with no aspirations to be anything more	0
poor average b movie with no aspirations to be anything more	0
standard guns versus martial arts cliche with little new added	1
standard guns versus martial arts cliche : little new added	1
standard guns versus martial arts cliche — little new added	1
standard guns versus martial arts cliche – little new added	1
standard guns versus martial arts cliche with little new added	1
standard guns versus martial arts cliche ; little new added	1
standard guns versus martial arts cliche , little new added	1
standard guns versus martial arts cliche & little new added	1
standard guns versus martial arts cliche plus little new added	1
standard guns versus martial arts cliche adds little new added	1
standard guns versus martial arts cliche and little new added	1
a beautifully tooled action thriller about love and terrorism in korea	1
a beautifully tooled action thriller about love and terrorism in ##dia	1
a beautifully tooled action thriller about love and terrorism in .	1
a beautifully tooled action thriller about love and terrorism in particular	1
a beautifully tooled action thriller about love and terrorism in ;	1
a beautifully tooled action thriller about love and terrorism in India	1
a beautifully tooled action thriller about love and terrorism in 2014	1
a beautifully tooled action thriller about love and terrorism in 2015	1
a beautifully tooled action thriller about love and terrorism in 2017	1
a beautifully tooled action thriller about love and terrorism in action	1
a beautifully tooled action thriller about love and terrorism in 2016	1
starts out with tremendous promise introducing an intriguing and alluring premise only to fall prey to a boatload of screenwriting cliches that sink it faster than a leaky freighter	0
starts out with tremendous promise introducing an intriguing and alluring premise only to fall prey to a boatload of screenwriting errors that sink it faster than a leaky freighter	0
starts out with tremendous promise introducing an intriguing and alluring premise only to fall prey to a boatload of screenwriting devices that sink it faster than a leaky freighter	0
starts out with tremendous promise introducing an intriguing and alluring premise only to fall prey to a boatload of screenwriting machines that sink it faster than a leaky freighter	0
starts out with tremendous promise introducing an intriguing and alluring premise only to fall prey to a boatload of screenwriting mistakes that sink it faster than a leaky freighter	0
starts out with tremendous promise introducing an intriguing and alluring premise only to fall prey to a boatload of screenwriting tricks that sink it faster than a leaky freighter	0
starts out with tremendous promise introducing an intriguing and alluring premise only to fall prey to a boatload of screenwriting skills that sink it faster than a leaky freighter	0
starts out with tremendous promise introducing an intriguing and alluring premise only to fall prey to a boatload of screenwriting talent that sink it faster than a leaky freighter	0
starts out with tremendous promise introducing an intriguing and alluring premise only to fall prey to a boatload of screenwriting talents that sink it faster than a leaky freighter	0
starts out with tremendous promise introducing an intriguing and alluring premise only to fall prey to a boatload of screenwriting scripts that sink it faster than a leaky freighter	0
starts out with tremendous promise introducing an intriguing and alluring premise only to fall prey to a boatload of screenwriting disasters that sink it faster than a leaky freighter	0
a college story that works even without vulgarity sex scenes and cussing	1
a love story that works even without vulgarity sex scenes and cussing	1
a true story that works even without vulgarity sex scenes and cussing	1
a funny story that works even without vulgarity sex scenes and cussing	1
a sex story that works even without vulgarity sex scenes and cussing	1
a horror story that works even without vulgarity sex scenes and cussing	1
a graphic story that works even without vulgarity sex scenes and cussing	1
a compelling story that works even without vulgarity sex scenes and cussing	1
a short story that works even without vulgarity sex scenes and cussing	1
a romantic story that works even without vulgarity sex scenes and cussing	1
a simple story that works even without vulgarity sex scenes and cussing	1
insufferably naive	0
insufferably .	0
insufferably ;	0
insufferably :	0
insufferably !	0
insufferably ?	0
insufferably connected	0
insufferably satisfying	0
insufferably ,	0
insufferably false	0
insufferably balanced	0
it is a strength of a documentary to disregard available bias especially as temptingly easy as it would have been with this premise	1
it is a strength of a documentary to disregard available bias ##es as temptingly easy as it would have been with this premise	1
it is a strength of a documentary to disregard available bias — as temptingly easy as it would have been with this premise	1
it is a strength of a documentary to disregard available bias not as temptingly easy as it would have been with this premise	1
it is a strength of a documentary to disregard available bias , as temptingly easy as it would have been with this premise	1
it is a strength of a documentary to disregard available bias information as temptingly easy as it would have been with this premise	1
it is a strength of a documentary to disregard available bias but as temptingly easy as it would have been with this premise	1
it is a strength of a documentary to disregard available bias … as temptingly easy as it would have been with this premise	1
it is a strength of a documentary to disregard available bias material as temptingly easy as it would have been with this premise	1
it is a strength of a documentary to disregard available bias is as temptingly easy as it would have been with this premise	1
it is a strength of a documentary to disregard available bias results as temptingly easy as it would have been with this premise	1
those with a modicum of patience will find in these characters foibles a timeless and unique perspective	1
those with a modicum of patience will find in these characters such a timeless and unique perspective	1
those with a modicum of patience will find in these characters , a timeless and unique perspective	1
those with a modicum of patience will find in these characters : a timeless and unique perspective	1
those with a modicum of patience will find in these characters only a timeless and unique perspective	1
those with a modicum of patience will find in these characters quite a timeless and unique perspective	1
those with a modicum of patience will find in these characters moments a timeless and unique perspective	1
those with a modicum of patience will find in these characters themselves a timeless and unique perspective	1
those with a modicum of patience will find in these characters within a timeless and unique perspective	1
those with a modicum of patience will find in these characters having a timeless and unique perspective	1
those with a modicum of patience will find in these characters this a timeless and unique perspective	1
there are some movies that hit you from the first scene and you know it is going to be a trip	1
there are some movies that hit you from the first scene and you know it is going to be a movie	1
there are some movies that hit you from the first scene and you know it is going to be a disaster	1
there are some movies that hit you from the first scene and you know it is going to be a hit	1
there are some movies that hit you from the first scene and you know it is going to be a nightmare	1
there are some movies that hit you from the first scene and you know it is going to be a thriller	1
there are some movies that hit you from the first scene and you know it is going to be a classic	1
there are some movies that hit you from the first scene and you know it is going to be a success	1
there are some movies that hit you from the first scene and you know it is going to be a sequel	1
there are some movies that hit you from the first scene and you know it is going to be a horror	1
there are some movies that hit you from the first scene and you know it is going to be a good	1
a loud ugly irritating movie without any of its satirical salvos hitting a discernible target	0
a loud ugly horror movie without any of its satirical salvos hitting a discernible target	0
a loud ugly comedy movie without any of its satirical salvos hitting a discernible target	0
a loud ugly gangster movie without any of its satirical salvos hitting a discernible target	0
a loud ugly zombie movie without any of its satirical salvos hitting a discernible target	0
a loud ugly cartoon movie without any of its satirical salvos hitting a discernible target	0
a loud ugly monster movie without any of its satirical salvos hitting a discernible target	0
a loud ugly clown movie without any of its satirical salvos hitting a discernible target	0
a loud ugly parody movie without any of its satirical salvos hitting a discernible target	0
a loud ugly crime movie without any of its satirical salvos hitting a discernible target	0
a loud ugly thriller movie without any of its satirical salvos hitting a discernible target	0
you can taste it but there is no fizz	0
you can taste it but there is no fizz	0
you can taste it but there are no fizz	0
you can taste it but there was no fizz	0
you can taste it but there be no fizz	0
you can taste it but there comes no fizz	0
you can taste it but there goes no fizz	0
you can taste it but there were no fizz	0
you can taste it but there s no fizz	0
you can taste it but there being no fizz	0
you can taste it but there ain no fizz	0
the quality of the art combined with the humor and intelligence of the script allow the filmmakers to present the biblical message of forgiveness without it ever becoming preachy or syrupy	1
the quality of the art combined with the humor and intelligence of the script allow the filmmakers to present the biblical message of forgiveness without it ever becoming preachy or syrupy	1
the quality of the art combined with the humor and intelligence of the script allow the filmmakers to present the biblical message for forgiveness without it ever becoming preachy or syrupy	1
the quality of the art combined with the humor and intelligence of the script allow the filmmakers to present the biblical message seeking forgiveness without it ever becoming preachy or syrupy	1
the quality of the art combined with the humor and intelligence of the script allow the filmmakers to present the biblical message about forgiveness without it ever becoming preachy or syrupy	1
the quality of the art combined with the humor and intelligence of the script allow the filmmakers to present the biblical message without forgiveness without it ever becoming preachy or syrupy	1
the quality of the art combined with the humor and intelligence of the script allow the filmmakers to present the biblical message as forgiveness without it ever becoming preachy or syrupy	1
the quality of the art combined with the humor and intelligence of the script allow the filmmakers to present the biblical message regarding forgiveness without it ever becoming preachy or syrupy	1
the quality of the art combined with the humor and intelligence of the script allow the filmmakers to present the biblical message concerning forgiveness without it ever becoming preachy or syrupy	1
the quality of the art combined with the humor and intelligence of the script allow the filmmakers to present the biblical message with forgiveness without it ever becoming preachy or syrupy	1
the quality of the art combined with the humor and intelligence of the script allow the filmmakers to present the biblical message towards forgiveness without it ever becoming preachy or syrupy	1
rifkin is references are impeccable throughout	1
rifkin ##al references are impeccable throughout	1
rifkin ##e references are impeccable throughout	1
rifkin ##an references are impeccable throughout	1
rifkin ##o references are impeccable throughout	1
rifkin ##ky references are impeccable throughout	1
rifkin literary references are impeccable throughout	1
rifkin ##a references are impeccable throughout	1
rifkin biographical references are impeccable throughout	1
rifkin character references are impeccable throughout	1
rifkin ##ian references are impeccable throughout	1
a gleefully grungy hilariously wicked black comedy	1
a very grungy hilariously wicked black comedy	1
a somewhat grungy hilariously wicked black comedy	1
a thoroughly grungy hilariously wicked black comedy	1
a rather grungy hilariously wicked black comedy	1
a totally grungy hilariously wicked black comedy	1
a mildly grungy hilariously wicked black comedy	1
a slightly grungy hilariously wicked black comedy	1
a fairly grungy hilariously wicked black comedy	1
a little grungy hilariously wicked black comedy	1
a wicked grungy hilariously wicked black comedy	1
you leave the same way you came a few tasty morsels under your belt but no new friends	0
you leave the same way you came a few tasty morsels under your belt but no good friends	0
you leave the same way you came a few tasty morsels under your belt but no real friends	0
you leave the same way you came a few tasty morsels under your belt but no bad friends	0
you leave the same way you came a few tasty morsels under your belt but no other friends	0
you leave the same way you came a few tasty morsels under your belt but no true friends	0
you leave the same way you came a few tasty morsels under your belt but no more friends	0
you leave the same way you came a few tasty morsels under your belt but no new friends	0
you leave the same way you came a few tasty morsels under your belt but no dear friends	0
you leave the same way you came a few tasty morsels under your belt but no loyal friends	0
you leave the same way you came a few tasty morsels under your belt but no longer friends	0
though it runs minutes safe conduct is anything but languorous	1
though it runs minutes its conduct is anything but languorous	1
though it runs minutes , conduct is anything but languorous	1
though it runs minutes their conduct is anything but languorous	1
though it runs minutes the conduct is anything but languorous	1
though it runs minutes his conduct is anything but languorous	1
though it runs minutes our conduct is anything but languorous	1
though it runs minutes ; conduct is anything but languorous	1
though it runs minutes my conduct is anything but languorous	1
though it runs minutes and conduct is anything but languorous	1
though it runs minutes whose conduct is anything but languorous	1
it is both degrading and strangely liberating to see people working so hard at leading lives of sexy intrigue only to be revealed by the dispassionate gantz brothers as ordinary pasty lumpen	1
it is both degrading and strangely liberating to see people working so hard at leading lives of sexy intrigue only to be revealed by their dispassionate gantz brothers as ordinary pasty lumpen	1
it is both degrading and strangely liberating to see people working so hard at leading lives of sexy intrigue only to be revealed by such dispassionate gantz brothers as ordinary pasty lumpen	1
it is both degrading and strangely liberating to see people working so hard at leading lives of sexy intrigue only to be revealed by the dispassionate gantz brothers as ordinary pasty lumpen	1
it is both degrading and strangely liberating to see people working so hard at leading lives of sexy intrigue only to be revealed by two dispassionate gantz brothers as ordinary pasty lumpen	1
it is both degrading and strangely liberating to see people working so hard at leading lives of sexy intrigue only to be revealed by seemingly dispassionate gantz brothers as ordinary pasty lumpen	1
it is both degrading and strangely liberating to see people working so hard at leading lives of sexy intrigue only to be revealed by these dispassionate gantz brothers as ordinary pasty lumpen	1
it is both degrading and strangely liberating to see people working so hard at leading lives of sexy intrigue only to be revealed by equally dispassionate gantz brothers as ordinary pasty lumpen	1
it is both degrading and strangely liberating to see people working so hard at leading lives of sexy intrigue only to be revealed by his dispassionate gantz brothers as ordinary pasty lumpen	1
it is both degrading and strangely liberating to see people working so hard at leading lives of sexy intrigue only to be revealed by increasingly dispassionate gantz brothers as ordinary pasty lumpen	1
it is both degrading and strangely liberating to see people working so hard at leading lives of sexy intrigue only to be revealed by three dispassionate gantz brothers as ordinary pasty lumpen	1
they crush each other under cars throw each other out windows electrocute and dismember their victims in full consciousness	0
They crush each other under cars throw each other out windows electrocute and dismember their victims in full consciousness	0
zombies crush each other under cars throw each other out windows electrocute and dismember their victims in full consciousness	0
they crush each other under cars throw each other out windows electrocute and dismember their victims in full consciousness	0
gangs crush each other under cars throw each other out windows electrocute and dismember their victims in full consciousness	0
police crush each other under cars throw each other out windows electrocute and dismember their victims in full consciousness	0
criminals crush each other under cars throw each other out windows electrocute and dismember their victims in full consciousness	0
cops crush each other under cars throw each other out windows electrocute and dismember their victims in full consciousness	0
victims crush each other under cars throw each other out windows electrocute and dismember their victims in full consciousness	0
killers crush each other under cars throw each other out windows electrocute and dismember their victims in full consciousness	0
Police crush each other under cars throw each other out windows electrocute and dismember their victims in full consciousness	0
in any case i would recommend big bad love only to winger fans who have missed her since is forget paris	0
in any case i would recommend big bad love only to winger fans who have missed her since is forget paris	0
in any case i would recommend big bad love only for winger fans who have missed her since is forget paris	0
in any case i would recommend big bad love only among winger fans who have missed her since is forget paris	0
in any case i would recommend big bad love only towards winger fans who have missed her since is forget paris	0
in any case i would recommend big bad love only amongst winger fans who have missed her since is forget paris	0
in any case i would recommend big bad love only against winger fans who have missed her since is forget paris	0
in any case i would recommend big bad love only with winger fans who have missed her since is forget paris	0
in any case i would recommend big bad love only by winger fans who have missed her since is forget paris	0
in any case i would recommend big bad love only from winger fans who have missed her since is forget paris	0
in any case i would recommend big bad love only between winger fans who have missed her since is forget paris	0
as surreal as a dream and as detailed as a photograph as visually dexterous as it is at times imaginatively overwhelming	1
as surreal as a dream and as detailed as a photograph as visually dexterous as it is at times imaginatively overwhelming	1
as surreal as a dream and as detailed in a photograph as visually dexterous as it is at times imaginatively overwhelming	1
as surreal as a dream and as detailed by a photograph as visually dexterous as it is at times imaginatively overwhelming	1
as surreal as a dream and as detailed with a photograph as visually dexterous as it is at times imaginatively overwhelming	1
as surreal as a dream and as detailed than a photograph as visually dexterous as it is at times imaginatively overwhelming	1
as surreal as a dream and as detailed to a photograph as visually dexterous as it is at times imaginatively overwhelming	1
as surreal as a dream and as detailed within a photograph as visually dexterous as it is at times imaginatively overwhelming	1
as surreal as a dream and as detailed , a photograph as visually dexterous as it is at times imaginatively overwhelming	1
as surreal as a dream and as detailed like a photograph as visually dexterous as it is at times imaginatively overwhelming	1
as surreal as a dream and as detailed for a photograph as visually dexterous as it is at times imaginatively overwhelming	1
with an unflappable air of decadent urbanity everett remains a perfect wildean actor and a relaxed firth displays impeccable comic skill	1
with an unflappable air of decadent urbanity everett remains a perfect wildean actor and a relaxed firth displays impeccable comic skill	1
with an unflappable air of decadent urbanity everett remains the perfect wildean actor and a relaxed firth displays impeccable comic skill	1
with an unflappable air of decadent urbanity everett remains his perfect wildean actor and a relaxed firth displays impeccable comic skill	1
with an unflappable air of decadent urbanity everett remains this perfect wildean actor and a relaxed firth displays impeccable comic skill	1
with an unflappable air of decadent urbanity everett remains another perfect wildean actor and a relaxed firth displays impeccable comic skill	1
with an unflappable air of decadent urbanity everett remains our perfect wildean actor and a relaxed firth displays impeccable comic skill	1
with an unflappable air of decadent urbanity everett remains its perfect wildean actor and a relaxed firth displays impeccable comic skill	1
with an unflappable air of decadent urbanity everett remains an perfect wildean actor and a relaxed firth displays impeccable comic skill	1
with an unflappable air of decadent urbanity everett remains their perfect wildean actor and a relaxed firth displays impeccable comic skill	1
with an unflappable air of decadent urbanity everett remains her perfect wildean actor and a relaxed firth displays impeccable comic skill	1
unpretentious charming quirky original	1
unpretentious charming quirky .	1
unpretentious charming quirky !	1
unpretentious charming quirky ;	1
unpretentious charming quirky ?	1
unpretentious charming quirky tales	1
unpretentious charming quirky characters	1
unpretentious charming quirky prose	1
unpretentious charming quirky smile	1
unpretentious charming quirky boy	1
unpretentious charming quirky jokes	1
a sequel that is much too big for its britches	0
a sequel that is much too big for its sequel	0
a sequel that is much too big for its predecessor	0
a sequel that is much too big for its audience	0
a sequel that is much too big for its predecessors	0
a sequel that is much too big for its characters	0
a sequel that is much too big for its plot	0
a sequel that is much too big for its own	0
a sequel that is much too big for its audiences	0
a sequel that is much too big for its .	0
a sequel that is much too big for its fans	0
a complete waste of time	0
• complete waste of time	0
a complete waste of time	0
A complete waste of time	0
· complete waste of time	0
almost complete waste of time	0
virtually complete waste of time	0
: complete waste of time	0
nearly complete waste of time	0
The complete waste of time	0
- complete waste of time	0
