and confirm that address for me please 	command
and confirm that address for please please	command
and confirm that address for reference please	command
and confirm that address for registration please	command
and confirm that address for me please	command
and confirm that address for details please	command
and confirm that address for you please	command
and confirm that address for tomorrow please	command
and confirm that address for now please	command
and confirm that address for consultation please	command
and confirm that address for example please	command
 let me think 	command
let me go	command
let me .	command
let me die	command
let me live	command
let me shine	command
let me know	command
let me cry	command
let me ;	command
let me !	command
let me sleep	command
show your credit card	command
show your credit card	command
show your membership card	command
show your tour card	command
show your identity card	command
show your business card	command
show your bank card	command
show your wild card	command
show your score card	command
show your loyalty card	command
show your id card	command
book that for  me 	command
book ##ends for me	command
book opens for me	command
book written for me	command
book bound for me	command
book closes for me	command
book ##keeper for me	command
book open for me	command
book waiting for me	command
book ##mark for me	command
book opened for me	command
give me the postcode first of all 	command
give us the postcode first of all	command
give me the postcode first of all	command
give away the postcode first of all	command
give here the postcode first of all	command
give them the postcode first of all	command
give up the postcode first of all	command
give out the postcode first of all	command
give you the postcode first of all	command
give it the postcode first of all	command
give : the postcode first of all	command
 and just confirm the rest of the address please 	command
and just confirm the rest of the story please	command
and just confirm the rest of the facts please	command
and just confirm the rest of the statement please	command
and just confirm the rest of the questions please	command
and just confirm the rest of the list please	command
and just confirm the rest of the sentence please	command
and just confirm the rest of the details please	command
and just confirm the rest of the proof please	command
and just confirm the rest of the report please	command
and just confirm the rest of the information please	command
let me just get that down ok 	command
let me just get calmed down ok	command
let me just get calm down ok	command
let me just get you down ok	command
let me just get shut down ok	command
let me just get laid down ok	command
let me just get me down ok	command
let me just get it down ok	command
let me just get knocked down ok	command
let me just get back down ok	command
let me just get sit down ok	command
show your credit card 	command
show ##room credit card	command
show ##time credit card	command
show ##down credit card	command
show ##girl credit card	command
show ##boat credit card	command
show ##band credit card	command
show business credit card	command
show ##ground credit card	command
show ##mark credit card	command
show ##man credit card	command
just leave it the 19 80 	command
please leave it the 19 80	command
lets leave it the 19 80	command
you leave it the 19 80	command
we leave it the 19 80	command
let leave it the 19 80	command
now leave it the 19 80	command
• leave it the 19 80	command
then leave it the 19 80	command
You leave it the 19 80	command
Now leave it the 19 80	command
let's try  em i want to try and book that coming back on the on the 19:00 	command
let's tell em i want to try and book that coming back on the on the 19:00	command
let's call em i want to try and book that coming back on the on the 19:00	command
let's hear em i want to try and book that coming back on the on the 19:00	command
let's get em i want to try and book that coming back on the on the 19:00	command
let's catch em i want to try and book that coming back on the on the 19:00	command
let's write em i want to try and book that coming back on the on the 19:00	command
let's watch em i want to try and book that coming back on the on the 19:00	command
let's read em i want to try and book that coming back on the on the 19:00	command
let's hold em i want to try and book that coming back on the on the 19:00	command
let's warn em i want to try and book that coming back on the on the 19:00	command
 remember 	command
just bear with me 	command
just bear with me	command
just bear with us	command
just bear with .	command
just bear with you	command
just bear with thee	command
just bear with !	command
just bear with them	command
just bear with yourself	command
just bear with ;	command
just bear with him	command
hold on a second 	command
click on a second	command
depends on a second	command
based on a second	command
depending on a second	command
add on a second	command
hold on a second	command
later on a second	command
pass on a second	command
depend on a second	command
Based on a second	command
excuse a moment  	command
for a moment	command
wait a moment	command
For a moment	command
just a moment	command
after a moment	command
After a moment	command
Wait a moment	command
within a moment	command
quite a moment	command
not a moment	command
stick to the date and  time that you book 	command
stick to the date and time before you book	command
stick to the date and time till you book	command
stick to the date and time in you book	command
stick to the date and time of you book	command
stick to the date and time until you book	command
stick to the date and time when you book	command
stick to the date and time : you book	command
stick to the date and time for you book	command
stick to the date and time if you book	command
stick to the date and time around you book	command
hang on 	command
click on	command
based on	command
comments on	command
depends on	command
carry on	command
information on	command
report on	command
focus on	command
comment on	command
focuses on	command
confirm that address for me please 	command
confirm your address for me please	command
confirm email address for me please	command
confirm my address for me please	command
confirm this address for me please	command
confirm the address for me please	command
confirm an address for me please	command
confirm ##ation address for me please	command
confirm ##atory address for me please	command
confirm contact address for me please	command
confirm mail address for me please	command
 and confirm the address for me please 	command
and confirm the address to me please	command
and confirm the address for me please	command
and confirm the address unto me please	command
and confirm the address before me please	command
and confirm the address with me please	command
and confirm the address above me please	command
and confirm the address from me please	command
and confirm the address please me please	command
and confirm the address below me please	command
and confirm the address of me please	command
let me get it the right way round 	command
let me make it the right way round	command
let me call it the right way round	command
let me do it the right way round	command
let me get it the right way round	command
let me try it the right way round	command
let me take it the right way round	command
let me say it the right way round	command
let me put it the right way round	command
let me find it the right way round	command
let me see it the right way round	command
hold it 	command
hold !	command
hold .	command
hold ##fast	command
hold ##over	command
hold ##en	command
hold ?	command
hold steady	command
hold ;	command
hold ##up	command
hold :	command
 show 	command
let me get this right 	command
let me get this right	command
Let me get this right	command
help me get this right	command
Help me get this right	command
letting me get this right	command
lets me get this right	command
make me get this right	command
helped me get this right	command
helping me get this right	command
helps me get this right	command
call us back when you're ready 	command
call us back when you are ready	command
call us back when you get ready	command
call us back when you got ready	command
call us back when you feel ready	command
call us back when you grow ready	command
call us back when you seem ready	command
call us back when you look ready	command
call us back when you were ready	command
call us back when you sound ready	command
call us back when you come ready	command
 see 	command
let's go with that then to for the  	command
let's go from that then to for the	command
let's go with that then to for the	command
let's go like that then to for the	command
let's go get that then to for the	command
let's go do that then to for the	command
let's go past that then to for the	command
let's go beyond that then to for the	command
let's go for that then to for the	command
let's go say that then to for the	command
let's go through that then to for the	command
hold the line 	command
along the line	command
crossing the line	command
on the line	command
crosses the line	command
• the line	command
cross the line	command
On the line	command
follow the line	command
below the line	command
across the line	command
 just hold the line 	command
just across the line	command
just beyond the line	command
just over the line	command
just crossing the line	command
just cross the line	command
just below the line	command
just off the line	command
just down the line	command
just past the line	command
just up the line	command
let's go for it 	command
let's go get it	command
let's go with it	command
let's go make it	command
let's go do it	command
let's go through it	command
let's go about it	command
let's go find it	command
let's go eat it	command
let's go fix it	command
let's go for it	command
get on the train at 16:25 	command
arriving on the train at 16:25	command
arrived on the train at 16:25	command
arrival on the train at 16:25	command
arrive on the train at 16:25	command
service on the train at 16:25	command
left on the train at 16:25	command
Back on the train at 16:25	command
Service on the train at 16:25	command
arrives on the train at 16:25	command
last on the train at 16:25	command
Remember the test date.	command
indicates the test date.	command
denotes the test date.	command
hence the test date.	command
denote the test date.	command
see the test date.	command
calculate the test date.	command
determines the test date.	command
at the test date.	command
is the test date.	command
note the test date.	command
Live in peace	command
Live for peace	command
Live of peace	command
Live without peace	command
Live in peace	command
Live world peace	command
Live our peace	command
Live with peace	command
Live & peace	command
Live enduring peace	command
Live lasting peace	command
Include the required attachement(s).	command
Include the required item (s).	command
Include the required condition (s).	command
Include the required entry (s).	command
Include the required goal (s).	command
Include the required score (s).	command
Include the required player (s).	command
Include the required application (s).	command
Include the required rule (s).	command
Include the required ingredient (s).	command
Include the required candidate (s).	command
Include the required attachements.	command
denotes the required attachements.	command
consider the required attachements.	command
defines the required attachements.	command
identifies the required attachements.	command
among the required attachements.	command
contains the required attachements.	command
denote the required attachements.	command
identify the required attachements.	command
are the required attachements.	command
yields the required attachements.	command
Don't follow me	command
'n't follow me	command
donn't follow me	command
comen't follow me	command
heren't follow me	command
Comen't follow me	command
tryn't follow me	command
"n't follow me	command
readyn't follow me	command
loven't follow me	command
hurryn't follow me	command
Dont follow me	command
please follow me	command
Please follow me	command
come follow me	command
Come follow me	command
you follow me	command
You follow me	command
god follow me	command
just follow me	command
Now follow me	command
pray follow me	command
Do not eat in class.	command
Do not eat any class.	command
Do not eat this class.	command
Do not eat your class.	command
Do not eat 1st class.	command
Do not eat first class.	command
Do not eat lunch class.	command
Do not eat my class.	command
Do not eat by class.	command
Do not eat in class.	command
Do not eat another class.	command
Kill the butterfly.	command
Kill ##tropical butterfly.	command
Kill : butterfly.	command
Kill ##tail butterfly.	command
Kill = butterfly.	command
Kill yellow butterfly.	command
Kill ##a butterfly.	command
Kill - butterfly.	command
Kill ##wing butterfly.	command
Kill of butterfly.	command
Kill female butterfly.	command
Take me to the library	command
Take access to the library	command
Take visitors to the library	command
Take admission to the library	command
Take visits to the library	command
Take entrance to the library	command
Take me to the library	command
Take ##ments to the library	command
Take refer to the library	command
Take visit to the library	command
Take adjacent to the library	command
Find out what you like to do most and really give it a whirl!	command
Find yourself what you like to do most and really give it a whirl!	command
Find exactly what you like to do most and really give it a whirl!	command
Find know what you like to do most and really give it a whirl!	command
Find me what you like to do most and really give it a whirl!	command
Find you what you like to do most and really give it a whirl!	command
Find just what you like to do most and really give it a whirl!	command
Find about what you like to do most and really give it a whirl!	command
Find out what you like to do most and really give it a whirl!	command
Find knows what you like to do most and really give it a whirl!	command
Find it what you like to do most and really give it a whirl!	command
Find out what you like to do most and really give it a whirl	command
Find out what you like to do most and really give it a whirl	command
Find out what you like to do most and really give it your whirl	command
Find out what you like to do most and really give it to whirl	command
Find out what you like to do most and really give it its whirl	command
Find out what you like to do most and really give it some whirl	command
Find out what you like to do most and really give it the whirl	command
Find out what you like to do most and really give it that whirl	command
Find out what you like to do most and really give it you whirl	command
Find out what you like to do most and really give it another whirl	command
Find out what you like to do most and really give it all whirl	command
Believe me!	command
Believe me !	command
Believe me .	command
Believe me ?	command
Believe me ;	command
Believe me again	command
Believe me goodbye	command
Believe me tonight	command
Believe me alive	command
Believe me forever	command
Believe me out	command
Believe me	command
Believe .	command
Believe !	command
Believe :	command
Believe ?	command
Believe ;	command
Believe |	command
Believe ##1	command
Believe >	command
Believe ##2	command
Believe ##s	command
Move around town.	command
all around town.	command
scattered around town.	command
dotted around town.	command
walking around town.	command
All around town.	command
walks around town.	command
streets around town.	command
walk around town.	command
clockwise around town.	command
wandering around town.	command
Lets take a walk	command
• take a walk	command
please take a walk	command
lets take a walk	command
you take a walk	command
gotta take a walk	command
I take a walk	command
You take a walk	command
to take a walk	command
we take a walk	command
Please take a walk	command
Dont stop me now!	command
Dont stop crying now!	command
Dont stop me now!	command
Dont stop running now!	command
Dont stop laughing now!	command
Dont stop screaming now!	command
Dont stop here now!	command
Dont stop him now!	command
Dont stop shouting now!	command
Dont stop walking now!	command
Dont stop smoking now!	command
Dont stop me now	command
Dont stop me now	command
Dont stop here now	command
Dont stop right now	command
Dont stop till now	command
Dont stop you now	command
Dont stop him now	command
Dont stop down now	command
Dont stop us now	command
Dont stop ! now	command
Dont stop crying now	command
Stop talking now!	command
Stop me now!	command
Stop ! now!	command
Stop yourself now!	command
Stop up now!	command
Stop them now!	command
Stop down now!	command
Stop us now!	command
Stop it now!	command
Stop him now!	command
Stop right now!	command
Stop talking now	command
Stop right now	command
Stop : now	command
Stop up now	command
Stop ! now	command
Stop till now	command
Stop down now	command
Stop us now	command
Stop - now	command
Stop me now	command
Stop here now	command
Do not smoke in your room.	command
Do not smoke in your room !	command
Do not smoke in your room .	command
Do not smoke in your room ?	command
Do not smoke in your room ;	command
Do not smoke in your room :	command
Do not smoke in your room …	command
Do not smoke in your room ,	command
Do not smoke in your room anymore	command
Do not smoke in your room tonight	command
Do not smoke in your room -	command
Don't you talk to me like that.	command
Don't you talk to me like that ?	command
Don't you talk to me like that !	command
Don't you talk to me like that .	command
Don't you talk to me like that ;	command
Don't you talk to me like that ,	command
Don't you talk to me like that -	command
Don't you talk to me like that :	command
Don't you talk to me like that ...	command
Don't you talk to me like that anymore	command
Don't you talk to me like that '	command
Dont you talk to me like that.	command
Dont you talk to me like that ?	command
Dont you talk to me like that !	command
Dont you talk to me like that .	command
Dont you talk to me like that ;	command
Dont you talk to me like that ,	command
Dont you talk to me like that :	command
Dont you talk to me like that -	command
Dont you talk to me like that now	command
Dont you talk to me like that tonight	command
Dont you talk to me like that '	command
Don't worry, be happy	command
'n't worry, be happy	command
funn't worry, be happy	command
stayn't worry, be happy	command
stopn't worry, be happy	command
"n't worry, be happy	command
relaxn't worry, be happy	command
goodn't worry, be happy	command
donn't worry, be happy	command
hurryn't worry, be happy	command
restn't worry, be happy	command
Dont worry be happy	command
Dont thou be happy	command
Dont you be happy	command
Dont wanna be happy	command
Dont thee be happy	command
Dont never be happy	command
Dont ye be happy	command
Dont not be happy	command
Dont let be happy	command
Dont t be happy	command
Dont ever be happy	command
Eat your veggies 	command
Eat your !	command
Eat your heart	command
Eat your .	command
Eat your own	command
Eat your hearts	command
Eat your teeth	command
Eat your soul	command
Eat your love	command
Eat your brains	command
Eat your bones	command
Let them cool	command
keep them cool	command
Keep them cool	command
keeping them cool	command
keeps them cool	command
hold them cool	command
make them cool	command
bring them cool	command
feed them cool	command
get them cool	command
Make them cool	command
Power the world.	command
Power the world ?	command
Power the world .	command
Power the world ;	command
Power the world !	command
Power the world cup	command
Power the world war	command
Power the world :	command
Power the world tour	command
Power the world wars	command
Power the world |	command
Stop and Go	command
rank and Go	command
search and Go	command
divide and Go	command
fish and Go	command
weights and Go	command
flora and Go	command
latitude and Go	command
food and Go	command
love and Go	command
drum and Go	command
repair your camera.	command
repair your camera ;	command
repair your camera .	command
repair your camera !	command
repair your camera ?	command
repair your camera lens	command
repair your camera :	command
repair your camera properly	command
repair your camera lenses	command
repair your camera |	command
repair your camera system	command
Write, read, do what you need.	command
Write, read, do what you wish.	command
Write, read, do what you want.	command
Write, read, do what you like.	command
Write, read, do what you need.	command
Write, read, do what you say.	command
Write, read, do what you choose.	command
Write, read, do what you desire.	command
Write, read, do what you can.	command
Write, read, do what you suggest.	command
Write, read, do what you wanted.	command
Dont touch me!	command
Dont touch me !	command
Dont touch me ?	command
Dont touch me .	command
Dont touch me ;	command
Dont touch me gently	command
Dont touch me again	command
Dont touch me softly	command
Dont touch me ,	command
Dont touch me lightly	command
Dont touch me yet	command
Mix together sugar and salt.	command
Mix together sugar and honey.	command
Mix together sugar and flour.	command
Mix together sugar and milk.	command
Mix together sugar and butter.	command
Mix together sugar and cream.	command
Mix together sugar and sugar.	command
Mix together sugar and coffee.	command
Mix together sugar and salt.	command
Mix together sugar and chocolate.	command
Mix together sugar and tobacco.	command
Lock the door!	command
open the door!	command
Open the door!	command
lock the door!	command
shut the door!	command
unlock the door!	command
slam the door!	command
Shut the door!	command
close the door!	command
Close the door!	command
locked the door!	command
Lock the door	command
Lock the .	command
Lock the !	command
Lock the world	command
Lock the ?	command
Lock the ;	command
Lock the earth	command
Lock the universe	command
Lock the map	command
Lock the dragon	command
Lock the door	command
Rise against the tyrannical government	command
protests against the tyrannical government	command
revolt against the tyrannical government	command
rebellion against the tyrannical government	command
crimes against the tyrannical government	command
rebels against the tyrannical government	command
conspiracy against the tyrannical government	command
uprising against the tyrannical government	command
revolution against the tyrannical government	command
demonstrations against the tyrannical government	command
violence against the tyrannical government	command
Make up your mind to pool your resources and get the moust out of your remaining years of life.	command
Make up your mind and pool your resources and get the moust out of your remaining years of life.	command
Make up your mind , pool your resources and get the moust out of your remaining years of life.	command
Make up your mind to pool your resources and get the moust out of your remaining years of life.	command
Make up your mind ; pool your resources and get the moust out of your remaining years of life.	command
Make up your mind or pool your resources and get the moust out of your remaining years of life.	command
Make up your mind : pool your resources and get the moust out of your remaining years of life.	command
Make up your mind & pool your resources and get the moust out of your remaining years of life.	command
Make up your mind then pool your resources and get the moust out of your remaining years of life.	command
Make up your mind - pool your resources and get the moust out of your remaining years of life.	command
Make up your mind – pool your resources and get the moust out of your remaining years of life.	command
Driver carefully!	command
listen carefully!	command
watch carefully!	command
Listen carefully!	command
proceed carefully!	command
wait carefully!	command
behave carefully!	command
choose carefully!	command
Very carefully!	command
play carefully!	command
Think carefully!	command
Driver carefully	command
Driver .	command
Driver :	command
Driver ;	command
Driver |	command
Driver ?	command
Driver !	command
Driver ##graphy	command
Driver 2	command
Driver ##hip	command
Driver 1	command
have a safe trip	command
have a fun trip	command
have a camping trip	command
have a boat trip	command
have a nice trip	command
have a road trip	command
have a bike trip	command
have a shopping trip	command
have a round trip	command
have a solo trip	command
have a short trip	command
bring me a suitcase from my closet	command
bring me a suitcase from my closet	command
fetch me a suitcase from my closet	command
brought me a suitcase from my closet	command
Bring me a suitcase from my closet	command
handing me a suitcase from my closet	command
handed me a suitcase from my closet	command
got me a suitcase from my closet	command
grab me a suitcase from my closet	command
bringing me a suitcase from my closet	command
brings me a suitcase from my closet	command
Don't wait for my answer, get started right away.	command
Do you wait for my answer, get started right away.	command
Do , wait for my answer, get started right away.	command
Do just wait for my answer, get started right away.	command
Do not wait for my answer, get started right away.	command
Do please wait for my answer, get started right away.	command
Do me wait for my answer, get started right away.	command
Do I wait for my answer, get started right away.	command
Do i wait for my answer, get started right away.	command
Do : wait for my answer, get started right away.	command
Do to wait for my answer, get started right away.	command
give me your full name, please	command
give me your full name, please	command
give me your maiden name, please	command
give me your real name, please	command
give me your last name, please	command
give me your own name, please	command
give me your beautiful name, please	command
give me your true name, please	command
give me your lovely name, please	command
give me your first name, please	command
give me your fucking name, please	command
give me your full name please	command
give me your full name please	command
give me your full strength please	command
give me your full attention please	command
give me your full pardon please	command
give me your full blessing please	command
give me your full body please	command
give me your full freedom please	command
give me your full moon please	command
give me your full length please	command
give me your full load please	command
You better be quit!	command
you better be quit!	command
yer better be quit!	command
we better be quit!	command
You better be quit!	command
no better be quit!	command
I better be quit!	command
! better be quit!	command
thou better be quit!	command
i better be quit!	command
never better be quit!	command
Eat them with milk	command
Eat them with milk	command
Eat them fresh milk	command
Eat them some milk	command
Eat them for milk	command
Eat them sour milk	command
Eat them warm milk	command
Eat them sweet milk	command
Eat them from milk	command
Eat them without milk	command
Eat them milk milk	command
buy now, while supplies last!	command
buy now ! while supplies last!	command
buy now , while supplies last!	command
buy now supplies while supplies last!	command
buy now ; while supplies last!	command
buy now here while supplies last!	command
buy now yourself while supplies last!	command
buy now … while supplies last!	command
buy now - while supplies last!	command
buy now ? while supplies last!	command
buy now buy while supplies last!	command
buy now while supplies last	command
buy now our supplies last	command
buy now your supplies last	command
buy now ! supplies last	command
buy now buy supplies last	command
buy now fresh supplies last	command
buy now cheap supplies last	command
buy now the supplies last	command
buy now food supplies last	command
buy now new supplies last	command
buy now more supplies last	command
Run for cover!	command
Run ##out cover!	command
Run ! cover!	command
Run your cover!	command
Run ##board cover!	command
Run the cover!	command
Run my cover!	command
Run : cover!	command
Run our cover!	command
Run ##book cover!	command
Run a cover!	command
Run for cover	command
Run for reelection	command
Run for president	command
Run for ##bes	command
Run for ;	command
Run for ?	command
Run for |	command
Run for :	command
Run for election	command
Run for democracy	command
Run for !	command
Enjoy some fresh apples	command
Enjoy some sweet apples	command
Enjoy some wild apples	command
Enjoy some ripe apples	command
Enjoy some golden apples	command
Enjoy some fresh apples	command
Enjoy some straw apples	command
Enjoy some beautiful apples	command
Enjoy some sour apples	command
Enjoy some apple apples	command
Enjoy some green apples	command
Pass through the intersection and take a right in 2 miles.	command
Pass through the woods and take a right in 2 miles.	command
Pass through the village and take a right in 2 miles.	command
Pass through the valley and take a right in 2 miles.	command
Pass through the town and take a right in 2 miles.	command
Pass through the forest and take a right in 2 miles.	command
Pass through the pass and take a right in 2 miles.	command
Pass through the mountains and take a right in 2 miles.	command
Pass through the hills and take a right in 2 miles.	command
Pass through the gorge and take a right in 2 miles.	command
Pass through the gap and take a right in 2 miles.	command
Start a fire with your bare hands.	command
Start a fire with your bare hands.	command
Start a fire with your bare feet.	command
Start a fire with your bare foot.	command
Start a fire with your bare fingers.	command
Start a fire with your bare palms.	command
Start a fire with your bare toes.	command
Start a fire with your bare legs.	command
Start a fire with your bare hand.	command
Start a fire with your bare fingertips.	command
Start a fire with your bare knuckles.	command
change your clothes after playing outside	command
change your clothes after playing .	command
change your clothes after playing ;	command
change your clothes after playing guitar	command
change your clothes after playing poker	command
change your clothes after playing !	command
change your clothes after playing golf	command
change your clothes after playing ?	command
change your clothes after playing basketball	command
change your clothes after playing softball	command
change your clothes after playing cards	command
Write an email to your boss.	command
Write an email to your boss :	command
Write an email to your boss .	command
Write an email to your boss !	command
Write an email to your boss ?	command
Write an email to your boss ;	command
Write an email to your boss online	command
Write an email to your boss website	command
Write an email to your boss …	command
Write an email to your boss |	command
Write an email to your boss @	command
Mop the floor	command
Mop the kid	command
Mop the beast	command
Mop the clown	command
Mop the .	command
Mop the devil	command
Mop the dragon	command
Mop the fool	command
Mop the elephant	command
Mop the dog	command
Mop the lord	command
Play ball!	command
Play !!	command
Play ##down!	command
Play yourself!	command
Play ##time!	command
Play ##out!	command
Play ##back!	command
Play off!	command
Play me!	command
Play now!	command
Play away!	command
Play ball	command
dragon ball	command
cue ball	command
golden ball	command
cotton ball	command
diamond ball	command
basket ball	command
crystal ball	command
golf ball	command
cannon ball	command
red ball	command
Give us the gate key.	command
Give out the gate key.	command
Give up the gate key.	command
Give : the gate key.	command
Give me the gate key.	command
Give down the gate key.	command
Give through the gate key.	command
Give on the gate key.	command
Give using the gate key.	command
Give to the gate key.	command
Give into the gate key.	command
Give me a few weeks, I'll get back to you when I have time.	command
Give me a few weeks, I'll get back to you when I have time.	command
Give me a few weeks, I'll get back with you when I have time.	command
Give me a few weeks, I'll get back for you when I have time.	command
Give me a few weeks, I'll get back into you when I have time.	command
Give me a few weeks, I'll get back from you when I have time.	command
Give me a few weeks, I'll get back behind you when I have time.	command
Give me a few weeks, I'll get back without you when I have time.	command
Give me a few weeks, I'll get back on you when I have time.	command
Give me a few weeks, I'll get back at you when I have time.	command
Give me a few weeks, I'll get back by you when I have time.	command
Cancel the meeting.	command
Cancel the meeting session	command
Cancel the meeting :	command
Cancel the meeting .	command
Cancel the meeting results	command
Cancel the meeting !	command
Cancel the meeting schedule	command
Cancel the meeting stage	command
Cancel the meeting ?	command
Cancel the meeting ;	command
Cancel the meeting proper	command
Open the window.	command
Open glass window.	command
Open exit window.	command
Open viewing window.	command
Open bay window.	command
Open screen window.	command
Open window window.	command
Open display window.	command
Open entry window.	command
Open door window.	command
Open view window.	command
Keep working	command
currently working	command
• working	command
actively working	command
while working	command
still working	command
· working	command
whilst working	command
hard working	command
presently working	command
not working	command
be nice!	command
be nice !	command
be nice .	command
be nice ?	command
be nice ;	command
be nice …	command
be nice yourself	command
be nice enough	command
be nice :	command
be nice ,	command
be nice tonight	command
be nice	command
be ##rlin	command
be .	command
be !	command
be ##ckett	command
be ##rger	command
be ##rgen	command
be ;	command
be ##cker	command
be ?	command
be ##rry	command
Believe me 	command
forgive me	command
save me	command
excuse me	command
help me	command
kiss me	command
tell me	command
call me	command
follow me	command
trust me	command
love me	command
Wait for it!	command
Wait for it !	command
Wait for it ?	command
Wait for it .	command
Wait for it ;	command
Wait for it …	command
Wait for it all	command
Wait for it :	command
Wait for it yourself	command
Wait for it ##aly	command
Wait for it –	command
Wait for it	command
Wait ##ing it	command
Wait on it	command
Wait for it	command
Wait upon it	command
Wait : it	command
Wait ##ting it	command
Wait do it	command
Wait like it	command
Wait to it	command
Wait about it	command
Write in Irish.	command
Write ##r Irish.	command
Write ##l Irish.	command
Write ##nt Irish.	command
Write ##ment Irish.	command
Write ##com Irish.	command
Write ##rs Irish.	command
Write : Irish.	command
Write ##rium Irish.	command
Write = Irish.	command
Write ##rch Irish.	command
Stand in line.	command
Stand in line :	command
Stand in line .	command
Stand in line ;	command
Stand in line !	command
Stand in line 1	command
Stand in line 3	command
Stand in line 2	command
Stand in line 4	command
Stand in line 5	command
Stand in line ?	command
Live in balance with nature.	command
Live in harmony with nature.	command
Live in accordance with nature.	command
Live in conjunction with nature.	command
Live in connection with nature.	command
Live in love with nature.	command
Live in association with nature.	command
Live in solidarity with nature.	command
Live in touch with nature.	command
Live in contact with nature.	command
Live in collaboration with nature.	command
Speak freely and spread the word.	command
Speak freely and spread the word .	command
Speak freely and spread the word :	command
Speak freely and spread the word …	command
Speak freely and spread the word !	command
Speak freely and spread the word ;	command
Speak freely and spread the word freely	command
Speak freely and spread the word ”	command
Speak freely and spread the word —	command
Speak freely and spread the word ,	command
Speak freely and spread the word ...	command
Be sure to clean your weapon.	command
make sure to clean your weapon.	command
be sure to clean your weapon.	command
Be sure to clean your weapon.	command
Make sure to clean your weapon.	command
im sure to clean your weapon.	command
keep sure to clean your weapon.	command
making sure to clean your weapon.	command
Keep sure to clean your weapon.	command
stay sure to clean your weapon.	command
You sure to clean your weapon.	command
Return the slaves	command
save the slaves	command
freeing the slaves	command
among the slaves	command
feed the slaves	command
saving the slaves	command
• the slaves	command
kill the slaves	command
all the slaves	command
hold the slaves	command
freed the slaves	command
speak up, I can't hear you	command
shut up, I can't hear you	command
listen up, I can't hear you	command
wake up, I can't hear you	command
Wake up, I can't hear you	command
Shut up, I can't hear you	command
Listen up, I can't hear you	command
hurry up, I can't hear you	command
close up, I can't hear you	command
speak up, I can't hear you	command
stand up, I can't hear you	command
speak up I cant hear you	command
speak : I cant hear you	command
speak ##eth I cant hear you	command
speak softly I cant hear you	command
speak ; I cant hear you	command
speak , I cant hear you	command
speak thou I cant hear you	command
speak so I cant hear you	command
speak . I cant hear you	command
speak ye I cant hear you	command
speak loud I cant hear you	command
I'd be grateful if you didn't tell anyone about this.	command
I'd be pissed if you didn't tell anyone about this.	command
I'd be damned if you didn't tell anyone about this.	command
I'd be devastated if you didn't tell anyone about this.	command
I'd be surprised if you didn't tell anyone about this.	command
I'd be furious if you didn't tell anyone about this.	command
I'd be shocked if you didn't tell anyone about this.	command
I'd be disappointed if you didn't tell anyone about this.	command
I'd be sorry if you didn't tell anyone about this.	command
I'd be upset if you didn't tell anyone about this.	command
I'd be fine if you didn't tell anyone about this.	command
Id be grateful if you didnt tell anyone about this.	command
Id be grateful if you didnt tell anyone about this.	command
Id be grateful if he didnt tell anyone about this.	command
Id be grateful if they didnt tell anyone about this.	command
Id be grateful if she didnt tell anyone about this.	command
Id be grateful if we didnt tell anyone about this.	command
Id be grateful if ye didnt tell anyone about this.	command
Id be grateful if anyone didnt tell anyone about this.	command
Id be grateful if i didnt tell anyone about this.	command
Id be grateful if someone didnt tell anyone about this.	command
Id be grateful if shed didnt tell anyone about this.	command
You watch your mouth young man	command
You watch your mouth young !	command
You watch your mouth young .	command
You watch your mouth young lad	command
You watch your mouth young ladies	command
You watch your mouth young ;	command
You watch your mouth young enough	command
You watch your mouth young lady	command
You watch your mouth young ?	command
You watch your mouth young girl	command
You watch your mouth young boy	command
tell her I need her right now.	command
tell me I need her right now.	command
tell you I need her right now.	command
tell her I need her right now.	command
tell everyone I need her right now.	command
tell him I need her right now.	command
tell anyone I need her right now.	command
tell whoever I need her right now.	command
tell us I need her right now.	command
tell them I need her right now.	command
tell someone I need her right now.	command
Make me a cup of tea.	command
Make me a cup of tea.	command
Make me a mug of tea.	command
Make me a glass of tea.	command
Make me a pot of tea.	command
Make me a drink of tea.	command
Make me a sip of tea.	command
Make me a bowl of tea.	command
Make me a pitcher of tea.	command
Make me a bottle of tea.	command
Make me a bit of tea.	command
Have a coke and a smile.	command
with a coke and a smile.	command
just a coke and a smile.	command
Just a coke and a smile.	command
With a coke and a smile.	command
like a coke and a smile.	command
between a coke and a smile.	command
Then a coke and a smile.	command
Like a coke and a smile.	command
maybe a coke and a smile.	command
got a coke and a smile.	command
Don't go out on the ice.	command
Don't go out on the ice.	command
Don't hang out on the ice.	command
Don't step out on the ice.	command
Don't sit out on the ice.	command
Don't walk out on the ice.	command
Don't freak out on the ice.	command
Don't fall out on the ice.	command
Don't stay out on the ice.	command
Don't come out on the ice.	command
Don't get out on the ice.	command
Dont go out on the ice.	command
we go out on the ice.	command
I go out on the ice.	command
lets go out on the ice.	command
We go out on the ice.	command
you go out on the ice.	command
kids go out on the ice.	command
They go out on the ice.	command
they go out on the ice.	command
i go out on the ice.	command
You go out on the ice.	command
Have fun at the fair tonight	command
Have fun at the fair tonight	command
Have fun in the fair tonight	command
Have fun around the fair tonight	command
Have fun for the fair tonight	command
Have fun with the fair tonight	command
Have fun during the fair tonight	command
Have fun on the fair tonight	command
Have fun about the fair tonight	command
Have fun from the fair tonight	command
Have fun after the fair tonight	command
Buy a kitkat.	command
Buy a kitkat .	command
Buy a kitkat ;	command
Buy a kitkat !	command
Buy a kitkat ##e	command
Buy a kitkat ?	command
Buy a kitkat suit	command
Buy a kitkat :	command
Buy a kitkat ##s	command
Buy a kitkat ##er	command
Buy a kitkat hat	command
Get out of my way	command
get out of my way	command
getting out of my way	command
Get out of my way	command
stay out of my way	command
step out of my way	command
got out of my way	command
staying out of my way	command
fly out of my way	command
gets out of my way	command
Stay out of my way	command
stop playing with your food	command
enjoy playing with your food	command
stop playing with your food	command
• playing with your food	command
just playing with your food	command
keep playing with your food	command
Just playing with your food	command
while playing with your food	command
Stop playing with your food	command
enjoyed playing with your food	command
quit playing with your food	command
Save Ferris	command
• Ferris	command
· Ferris	command
ram Ferris	command
§ Ferris	command
† Ferris	command
br Ferris	command
silver Ferris	command
# Ferris	command
junior Ferris	command
gold Ferris	command
Speak what you think now in hard words, and tomorrow speak what tomorrow thinks in hard words again, though it contradict every thing you said today	command
Speak what you think now in hard words, and tomorrow speak what tomorrow thinks in hard words again, though it echoes every thing you said today	command
Speak what you think now in hard words, and tomorrow speak what tomorrow thinks in hard words again, though it means every thing you said today	command
Speak what you think now in hard words, and tomorrow speak what tomorrow thinks in hard words again, though it recalls every thing you said today	command
Speak what you think now in hard words, and tomorrow speak what tomorrow thinks in hard words again, though it remembers every thing you said today	command
Speak what you think now in hard words, and tomorrow speak what tomorrow thinks in hard words again, though it hurts every thing you said today	command
Speak what you think now in hard words, and tomorrow speak what tomorrow thinks in hard words again, though it repeats every thing you said today	command
Speak what you think now in hard words, and tomorrow speak what tomorrow thinks in hard words again, though it changes every thing you said today	command
Speak what you think now in hard words, and tomorrow speak what tomorrow thinks in hard words again, though it says every thing you said today	command
Speak what you think now in hard words, and tomorrow speak what tomorrow thinks in hard words again, though it changed every thing you said today	command
Speak what you think now in hard words, and tomorrow speak what tomorrow thinks in hard words again, though it reads every thing you said today	command
Speak what you think now in hard words and tomorrow speak what tomorrow thinks in hard words again though it contradict every thing you said today	command
Speak what you think now in hard words and tomorrow speak what tomorrow thinks in hard words again though it contradict every thing you said today	command
Speak what you think now in hard words and tomorrow speak when tomorrow thinks in hard words again though it contradict every thing you said today	command
Speak what you think now in hard words and tomorrow speak how tomorrow thinks in hard words again though it contradict every thing you said today	command
Speak what you think now in hard words and tomorrow speak . tomorrow thinks in hard words again though it contradict every thing you said today	command
Speak what you think now in hard words and tomorrow speak tomorrow tomorrow thinks in hard words again though it contradict every thing you said today	command
Speak what you think now in hard words and tomorrow speak and tomorrow thinks in hard words again though it contradict every thing you said today	command
Speak what you think now in hard words and tomorrow speak , tomorrow thinks in hard words again though it contradict every thing you said today	command
Speak what you think now in hard words and tomorrow speak that tomorrow thinks in hard words again though it contradict every thing you said today	command
Speak what you think now in hard words and tomorrow speak ! tomorrow thinks in hard words again though it contradict every thing you said today	command
Speak what you think now in hard words and tomorrow speak if tomorrow thinks in hard words again though it contradict every thing you said today	command
please lower your voice	command
please lower your voice	command
please lower your head	command
please lower your eyelids	command
please lower your heart	command
please lower your hand	command
please lower your arms	command
please lower your knees	command
please lower your knee	command
please lower your eyes	command
please lower your mouth	command
Cancel the order.	command
follow the order.	command
Follow the order.	command
read the order.	command
hence the order.	command
indicates the order.	command
obey the order.	command
Read the order.	command
reverse the order.	command
check the order.	command
denote the order.	command
Help the poor.	command
help the poor.	command
among the poor.	command
Help the poor.	command
helping the poor.	command
save the poor.	command
for the poor.	command
feed the poor.	command
serve the poor.	command
to the poor.	command
and the poor.	command
First, boil some water.	command
First, boil some water .	command
First, boil some water !	command
First, boil some water ;	command
First, boil some water ?	command
First, boil some water :	command
First, boil some water …	command
First, boil some water ...	command
First, boil some water ,	command
First, boil some water yourself	command
First, boil some water |	command
First boil some water.	command
First boil some water .	command
First boil some water ;	command
First boil some water ?	command
First boil some water !	command
First boil some water :	command
First boil some water ,	command
First boil some water ##mel	command
First boil some water ...	command
First boil some water …	command
First boil some water together	command
pass the bowl of potatoes	command
pass ##over bowl of potatoes	command
pass ##able bowl of potatoes	command
pass ##aic bowl of potatoes	command
pass ##away bowl of potatoes	command
pass ##er bowl of potatoes	command
pass a bowl of potatoes	command
pass over bowl of potatoes	command
pass through bowl of potatoes	command
pass by bowl of potatoes	command
pass the bowl of potatoes	command
Sit, be quite!	command
Sit, not quite!	command
Sit, never quite!	command
Sit, thou quite!	command
Sit, quite quite!	command
Sit, thy quite!	command
Sit, oh quite!	command
Sit, nothing quite!	command
Sit, yes quite!	command
Sit, look quite!	command
Sit, perhaps quite!	command
Feed the hungry.	command
Feed the hungry .	command
Feed the hungry beast	command
Feed the hungry !	command
Feed the hungry ?	command
Feed the hungry dog	command
Feed the hungry ;	command
Feed the hungry bird	command
Feed the hungry lion	command
Feed the hungry dragon	command
Feed the hungry wolf	command
have fun tonight	command
have fun tonight	command
have sex tonight	command
have dinner tonight	command
have mercy tonight	command
have me tonight	command
have lunch tonight	command
have you tonight	command
have breakfast tonight	command
have us tonight	command
have faith tonight	command
put the cake out to cool	command
put the water out to cool	command
put the heat out to cool	command
put the bottle out to cool	command
put the oil out to cool	command
put the fire out to cool	command
put the coffee out to cool	command
put the beans out to cool	command
put the sun out to cool	command
put the glass out to cool	command
put the flame out to cool	command
Get out	command
Get .	command
Get !	command
Get ?	command
Get :	command
Get ;	command
Get |	command
Get ##a	command
Get ##s	command
Get ##o	command
Get ##er	command
Please be quit	command
shall be quit	command
must be quit	command
never be quit	command
let be quit	command
will be quit	command
Never be quit	command
• be quit	command
thou be quit	command
may be quit	command
Must be quit	command
Take if you must this little bag of dreams	command
Take if you must this awful bag of dreams	command
Take if you must this wonderful bag of dreams	command
Take if you must this little bag of dreams	command
Take if you must this sweet bag of dreams	command
Take if you must this silly bag of dreams	command
Take if you must this damned bag of dreams	command
Take if you must this terrible bag of dreams	command
Take if you must this strange bag of dreams	command
Take if you must this great bag of dreams	command
Take if you must this horrible bag of dreams	command
Report on what you find.	command
depends on what you find.	command
depending on what you find.	command
check on what you find.	command
Focus on what you find.	command
click on what you find.	command
Depending on what you find.	command
concentrate on what you find.	command
depend on what you find.	command
focus on what you find.	command
based on what you find.	command
love your enemies	command
save your enemies	command
kill your enemies	command
destroy your enemies	command
fight your enemies	command
attack your enemies	command
protect your enemies	command
Kill your enemies	command
help your enemies	command
defeat your enemies	command
defend your enemies	command
just do it	command
just do .	command
just do !	command
just do ;	command
just do it	command
just do ?	command
just do something	command
just do that	command
just do what	command
just do you	command
just do anything	command
Let this generation have theirs	command
Let this generation have :	command
Let this generation have .	command
Let this generation have !	command
Let this generation have ;	command
Let this generation have been	command
Let this generation have ?	command
Let this generation have won	command
Let this generation have become	command
Let this generation have come	command
Let this generation have grown	command
buy one and save 50% on your next purchase	command
buy one and save 50% on your next purchase	command
buy one and save 50% for your next purchase	command
buy one and save 50% of your next purchase	command
buy one and save 50% from your next purchase	command
buy one and save 50% towards your next purchase	command
buy one and save 50% in your next purchase	command
buy one and save 50% until your next purchase	command
buy one and save 50% to your next purchase	command
buy one and save 50% if your next purchase	command
buy one and save 50% during your next purchase	command
buy one and save 50 on your next purchase	command
buy one and $ 50 on your next purchase	command
buy one and buy 50 on your next purchase	command
buy one and spend 50 on your next purchase	command
buy one and add 50 on your next purchase	command
buy one and sell 50 on your next purchase	command
buy one and raise 50 on your next purchase	command
buy one and pay 50 on your next purchase	command
buy one and say 50 on your next purchase	command
buy one and get 50 on your next purchase	command
buy one and purchase 50 on your next purchase	command
Enjoy your meal	command
Enjoy your !	command
Enjoy your love	command
Enjoy your heart	command
Enjoy your joy	command
Enjoy your hearts	command
Enjoy your happiness	command
Enjoy your laughter	command
Enjoy your glory	command
Enjoy your pride	command
Enjoy your praise	command
Be kind, for everyone you meet is fighting a hard battle.	command
Be kind, for everyone we meet is fighting a hard battle.	command
Be kind, for everyone they meet is fighting a hard battle.	command
Be kind, for everyone to meet is fighting a hard battle.	command
Be kind, for everyone you meet is fighting a hard battle.	command
Be kind, for everyone should meet is fighting a hard battle.	command
Be kind, for everyone who meet is fighting a hard battle.	command
Be kind, for everyone can meet is fighting a hard battle.	command
Be kind, for everyone must meet is fighting a hard battle.	command
Be kind, for everyone i meet is fighting a hard battle.	command
Be kind, for everyone I meet is fighting a hard battle.	command
Be kind for everyone you meet is fighting a hard battle.	command
Be kind for everyone you meet is fighting a hard battle.	command
Be kind for everyone you meet is fighting this hard battle.	command
Be kind for everyone you meet is fighting your hard battle.	command
Be kind for everyone you meet is fighting the hard battle.	command
Be kind for everyone you meet is fighting that hard battle.	command
Be kind for everyone you meet is fighting our hard battle.	command
Be kind for everyone you meet is fighting another hard battle.	command
Be kind for everyone you meet is fighting their hard battle.	command
Be kind for everyone you meet is fighting in hard battle.	command
Be kind for everyone you meet is fighting one hard battle.	command
Shop without me.	command
lives without me.	command
live without me.	command
Not without me.	command
life without me.	command
die without me.	command
not without me.	command
alone without me.	command
And without me.	command
living without me.	command
gone without me.	command
Carry by hand gun	command
guided by hand gun	command
assault by hand gun	command
attack by hand gun	command
shooting by hand gun	command
hit by hand gun	command
propelled by hand gun	command
capture by hand gun	command
shot by hand gun	command
robbery by hand gun	command
assassination by hand gun	command
Don't eat my grapes. 	command
Do not eat my grapes.	command
Do you eat my grapes.	command
Do never eat my grapes.	command
Do I eat my grapes.	command
Do they eat my grapes.	command
Do to eat my grapes.	command
Do thou eat my grapes.	command
Do me eat my grapes.	command
Do still eat my grapes.	command
Do we eat my grapes.	command
feel free to text me later.	command
feel free to text me later !	command
feel free to text me later .	command
feel free to text me later ;	command
feel free to text me later ?	command
feel free to text me later tonight	command
feel free to text me later …	command
feel free to text me later :	command
feel free to text me later ,	command
feel free to text me later today	command
feel free to text me later ...	command
Speak in spanish.	command
Speak : spanish.	command
Speak = spanish.	command
Speak fluent spanish.	command
Speak in spanish.	command
Speak to spanish.	command
Speak ##ish spanish.	command
Speak is spanish.	command
Speak speaks spanish.	command
Speak are spanish.	command
Speak of spanish.	command
Heat the pan with oil.	command
Heat the pan with butter.	command
Heat the pan with water.	command
Heat the pan with garlic.	command
Heat the pan with salt.	command
Heat the pan with milk.	command
Heat the pan with sugar.	command
Heat the pan with potatoes.	command
Heat the pan with lime.	command
Heat the pan with oil.	command
Heat the pan with honey.	command
Don't press that button.	command
Don't press the button.	command
Don't press a button.	command
Don't press this button.	command
Don't press that button.	command
Don't press your button.	command
Don't press another button.	command
Don't press any button.	command
Don't press my button.	command
Don't press one button.	command
Don't press every button.	command
Dont press that button.	command
Dont push that button.	command
Dont hit that button.	command
Dont press that button.	command
Dont pressed that button.	command
Dont click that button.	command
Dont pressing that button.	command
Dont pushed that button.	command
Dont answer that button.	command
Dont presses that button.	command
Dont pushing that button.	command
Launch the missles!	command
Launch the missles pageant	command
Launch the missles .	command
Launch the missles ;	command
Launch the missles :	command
Launch the missles !	command
Launch the missles ?	command
Launch the missles awards	command
Launch the missles prize	command
Launch the missles presidency	command
Launch the missles legislature	command
